Cell ID,Cell Position X,Cell Position Y,Cell Position Z
0,194.856,178.306,4.87618
1,196.222,188.934,4.70236
2,156.695,193.631,4.76135
3,169.69,196.13,4.84312
4,188.193,192.427,4.54085
5,193.83,194.127,4.89521
6,176.343,194.094,4.77142
7,188.279,180.357,4.74254
8,178.448,181.495,4.92938
9,184.139,185.044,4.82087
10,191.706,185.618,4.8475
12,176.419,187.857,4.69268
13,169.14,189.428,4.61375
15,182.456,191.289,4.91017
16,163.768,193.116,4.84213
17,149.794,194.235,4.90167
18,290.785,170.79,4.78392
19,290.483,177.829,4.74346
20,293.681,183.556,4.8469
21,294.17,191.351,4.96243
22,219.729,197.23,4.7588
23,225.413,196.456,4.90304
24,235.971,192.944,4.74594
25,241.754,195.497,4.81347
26,249.94,196.753,4.87586
27,257.282,194.559,4.75124
28,268.572,194.628,4.84424
29,282.177,194.405,4.77502
30,285.55,198.726,4.89602
31,291.033,196.521,4.77667
33,273.589,169.656,4.96693
34,280.225,167.85,5.4491
35,240.484,168.706,4.81629
36,246.569,168.927,5.36991
37,260.13,171.338,4.8559
38,231.395,171.199,4.8774
39,266.991,171.141,5.02496
40,252.144,171.812,5.00015
41,284.738,172.429,5.02692
42,224.475,173.581,4.85672
43,236.519,174.483,4.96673
44,216.908,174.05,4.95205
45,243.634,174.694,4.8543
46,278.308,174.939,4.92613
47,271.626,175.813,4.64324
48,210.45,174.787,4.66397
49,249.858,178.034,4.78415
50,264.41,176.993,4.80863
51,201.04,176.42,5.08395
52,257.209,177.197,4.79039
53,229.578,178.825,4.77753
54,283.918,178.095,4.98027
55,206.515,179.289,4.96911
56,221.624,179.256,4.82705
57,213.585,181.204,4.78161
58,242.588,180.95,4.65337
59,236.031,181.474,4.81606
60,274.524,181.029,4.73006
61,261.891,183.036,4.91803
62,200.052,183.699,4.79997
63,254.218,183.039,4.81129
64,268.448,182.492,4.60967
65,280.674,182.612,4.91521
66,287.497,184.523,4.88003
67,248.106,184.898,4.68293
68,219.371,184.561,4.44742
69,225.899,185.936,4.81231
70,232.419,186.197,4.57223
71,207.359,185.894,4.79654
72,240.225,187.488,4.76175
73,276.838,187.218,4.94574
74,270.962,188.223,4.77661
75,258.045,188.284,4.8263
76,214.242,188.437,4.82939
77,264.138,189.88,4.62643
78,282.644,188.73,4.86442
79,201.779,191.449,4.79379
80,221.072,190.715,4.91158
81,245.746,191.007,4.85852
82,251.948,190.607,4.66905
83,288.004,191.32,4.773
84,208.77,192.802,4.69807
85,230.225,192.264,4.81713
86,276.04,193.747,5.01286
87,296.175,198.666,4.86108
88,300.526,193.587,4.5813
89,306.517,195.432,4.99733
90,325.941,196.248,4.76867
91,331.878,197.229,4.5373
92,343.602,191.746,4.78033
93,348.892,193.712,4.83884
94,354.594,195.151,4.76248
95,361.191,195.843,4.70139
96,368.208,197.672,4.98699
97,380.589,198.066,4.82847
98,336.764,191.766,4.88742
99,374.311,196.984,5.00822
100,297.156,167.485,5.44787
101,306.149,169.532,5.08265
102,316.968,170.215,5.30637
103,300.867,171.936,4.8378
104,323.23,172.089,5.21305
105,311.364,173.81,4.95708
106,330.259,172.992,4.96067
107,295.649,174.733,4.87145
108,305.374,176.53,4.94088
109,336.909,174.921,5.2552
110,342.801,172.366,5.52635
111,316.321,176.937,4.80397
112,348.879,175.472,5.21618
114,299.309,179.454,4.79928
115,326.844,177.561,4.90265
116,360.853,176.773,5.26927
117,321.248,179.08,5.0672
118,332.113,180.287,4.90072
119,343.903,179.056,5.07236
120,310.651,180.415,4.74709
121,337.871,181.2,5.0769
122,368.09,178.818,5.25368
123,355.335,182.1,4.8648
124,304.904,183.115,4.72293
125,315.614,183.868,4.60953
126,348.237,184.264,4.91825
127,362.322,182.893,5.16718
129,326.946,184.654,4.86998
130,374.158,184.098,5.16609
131,368.297,184.659,4.91052
132,320.684,185.967,4.77543
133,299.265,186.825,4.81817
134,341.481,185.908,4.92114
135,334.046,186.628,4.85234
136,310.679,188.144,5.06581
137,352.65,188.118,4.7769
138,386.348,186.299,5.25944
139,379.353,190.298,4.85616
140,358.822,188.929,4.80879
141,305.005,189.36,4.88449
142,365.242,190.242,4.88622
143,372.073,190.834,4.95467
144,316.599,191.997,5.10762
145,322.803,191.103,4.52687
146,329.483,191.122,5.03647
147,385.473,193.245,5.01054
148,311.787,195.624,5.13979
149,390.92,196.83,4.63499
150,396.106,193.373,5.09347
151,407.578,196.104,5.2358
152,400.058,188.155,5.34964
153,391.516,189.738,5.23502
154,402.247,193.942,5.01783
155,412.15,192.505,5.4946
156,100.554,229.925,4.81282
157,96.4987,240.079,4.71738
158,98.3849,245.018,4.8233
159,97.2214,254.919,4.91893
160,94.9318,259.983,4.78842
161,98.217,271.823,4.76097
162,97.8104,277.462,4.66253
163,98.2482,282.912,4.82012
164,77.0024,290.782,4.82357
165,82.7545,291.081,4.66739
166,91.6378,293.199,4.78453
167,94.3599,226.531,5.35416
168,91.4167,232.217,4.60902
169,96.6277,234.625,4.86258
170,84.3475,237.377,4.82842
171,90.7575,237.668,4.94394
172,87.4241,242.823,4.77606
173,77.92,239.588,5.5451
174,92.4278,244.849,4.67102
175,81.5527,244.424,4.61208
176,74.9107,246.168,5.29845
177,86.4012,248.757,4.77669
178,79.1148,250.22,4.79747
179,94.2171,249.718,4.74517
180,73.5394,252.611,4.78251
181,83.3387,253.939,4.89539
182,90.41,254.36,4.65738
183,67.4323,255.718,5.02247
184,77.5582,257.063,4.76472
185,86.7273,258.911,4.64938
186,71.3174,259.502,4.77788
187,81.4209,262.032,4.79901
188,64.5902,262.112,5.00471
189,75.1689,263.942,4.79268
190,90.0873,263.579,4.76412
191,69.2079,266.074,4.82391
192,85.424,267.375,4.6711
193,96.6238,265.63,4.73935
194,79.3701,268.624,4.64049
195,63.4588,268.287,4.78692
196,91.492,270.067,4.776
197,73.0373,270.723,4.71373
198,67.433,272.941,4.73788
199,78.2948,274.281,4.77454
200,85.4246,273.72,4.65966
201,60.2623,273.668,5.36859
202,91.5354,276.123,4.43932
203,72.1861,277.135,4.76393
204,65.0189,278.436,4.91058
205,77.8199,279.918,4.96393
206,84.682,280.036,4.9046
207,90.7964,281.912,4.90302
208,70.0093,283.019,4.80502
209,63.7718,283.783,5.07796
210,75.7805,285.207,4.5842
211,82.3104,285.455,4.65899
212,95.3013,288.064,4.74851
213,88.5335,287.872,4.74341
214,70.6921,289.445,4.85873
215,196.855,204.357,4.87154
216,194.373,210.998,4.79481
217,195.845,222.452,4.75508
218,195.728,228.849,4.82946
219,195.083,234.938,4.82288
220,198.594,239.567,4.77816
221,192.668,241.239,4.75409
222,194.17,248.198,4.75057
223,194.365,253.212,4.84818
224,195.829,258.957,4.88531
225,194.509,264.045,4.77768
226,195.041,272.907,4.96396
227,195.495,279.166,4.67758
228,193.74,284.733,4.90802
229,193.734,290.401,4.66062
230,98.4137,294.089,4.72969
231,107.226,290.288,4.85806
232,121.758,291.319,4.7646
233,127.649,293.793,4.93944
234,133.451,291.315,4.59212
235,151.958,293.57,4.842
236,163.348,294.4,4.82552
237,168.277,291.448,4.70085
238,176.117,293.909,4.84779
239,181.154,293.446,4.87501
240,186.052,294.099,4.80744
241,114.945,290.789,4.78907
242,144.02,197.023,4.87803
243,153.408,199.139,4.87544
244,183.086,198.238,4.71167
245,161.767,198.84,4.92427
246,190.582,199.682,4.72546
247,174.552,200.571,4.66848
248,147.342,202.449,4.82747
249,140.55,201.969,4.8405
250,134.937,201.334,4.90642
251,168.258,202.704,4.69317
252,157.864,203.7,4.67193
253,179.485,203.883,4.78471
254,129.379,205.405,4.90629
255,184.843,205.208,4.64194
256,152.686,206.129,4.74747
257,163.065,206.204,4.90101
258,190.256,206.287,4.79142
259,135.776,207.446,4.79684
260,173.689,207.342,4.51641
261,142.224,207.977,4.6546
262,148.571,209.633,4.65468
263,124.446,209.804,4.70967
264,167.676,209.797,4.80917
265,157.857,210.196,4.72708
266,179.811,210.435,4.79317
267,130.364,212.518,4.68338
268,186.585,212.026,4.75302
269,118.299,207.937,5.48948
270,136.467,213.573,4.97532
271,142.924,214.017,4.64558
272,173.73,213.726,4.85469
273,119.291,214.226,4.87731
274,113.477,212.797,5.0666
275,124.543,216.219,4.51843
276,161.023,215.481,4.85386
277,148.923,215.661,4.79854
278,154.199,215.48,4.66904
279,167.319,215.773,4.96045
280,192.475,216.528,4.78652
281,108.854,214.809,5.40084
282,179.744,217.042,4.73383
283,128.823,219.302,4.68895
284,185.447,218.009,4.60863
285,115.555,219.116,4.59731
286,133.329,220.294,4.78576
287,138.404,219.994,4.86772
288,103.534,218.084,5.30497
289,145.669,220.286,4.65965
290,173.868,220.166,4.73811
291,109.026,221.404,4.77177
292,121.392,221.631,4.85113
293,155.871,221.162,4.87574
294,162.573,222.006,4.74704
295,168.099,221.737,4.55188
296,189.808,221.622,4.90525
297,101.704,223.973,4.71624
298,126.779,225.331,4.86532
299,150.213,224.479,4.80255
300,178.589,224.406,4.59213
301,184.455,224.422,5.1014
302,114.09,225.037,4.87325
303,142.272,224.995,4.91335
304,131.355,227.916,4.44653
305,172.492,226.337,4.88359
306,106.882,227.235,4.64215
307,137.274,227.253,4.90002
308,157.687,226.82,4.72977
309,190.781,226.802,4.77295
310,119.95,227.562,4.70658
311,165.602,227.79,4.76686
312,145.459,229.423,4.37615
313,151.945,229.823,4.79457
314,183.463,229.682,4.65141
315,113.419,230.157,4.69056
316,124.995,231.188,4.82175
317,178.026,231.025,4.91978
318,189.184,231.588,4.76078
319,135.545,232.274,4.81752
320,160.259,231.906,4.78293
321,107.234,232.416,4.86389
322,171.801,232.113,4.81302
323,141.637,233.202,4.92854
324,118.988,233.671,4.84953
325,154.546,235.354,4.77331
326,165.89,233.946,4.87087
327,129.84,235.262,4.90008
328,148.242,234.937,4.84126
329,101.642,236.688,4.65466
330,113.072,235.859,4.75133
331,183.213,235.559,4.95545
332,189.336,236.384,4.56571
333,123.875,237.755,4.65269
334,177.031,236.852,4.63755
335,159.963,237.828,4.73458
336,135.617,237.965,4.76319
337,142.501,238.41,4.53059
338,107.33,238.206,4.85501
339,171.312,238.112,4.9506
340,118.004,240.21,4.62332
341,165.411,239.658,4.84347
342,148.404,240.295,4.6539
343,129.256,241.445,4.74136
344,186.686,241.331,4.8563
345,111.936,242.279,4.89844
346,155.809,241.49,4.79549
347,181.037,241.568,5.02057
348,104.312,243.069,4.79414
349,174.956,242.87,4.89322
350,137.391,242.901,4.84284
351,168.649,243.741,4.75122
352,122.748,244.314,4.85894
353,143.71,244.157,4.76604
354,151.149,244.643,4.91783
355,161.592,244.375,4.8106
356,116.645,246.204,4.64848
357,132.966,246.431,4.808
358,189.387,246.327,4.44582
359,109.636,247.361,4.68802
360,184.308,247.719,4.89817
361,126.918,248.203,4.90109
362,156.998,247.783,4.71095
363,138.744,248.863,4.54658
364,101.771,249.541,4.79865
365,174.461,248.694,4.96645
366,163.381,249.591,4.85086
367,168.467,248.19,4.86939
368,146.121,249.083,4.9103
369,120.407,250.64,4.69371
370,152.305,250.436,4.87207
371,113.875,252.397,4.82678
372,107.625,252.513,4.66318
373,131.45,252.202,4.87183
374,180.977,252.655,4.96202
375,158.912,253.1,4.80541
376,188.159,252.277,4.83754
377,169.788,253.144,4.81642
378,142.246,253.291,4.88755
379,175.686,254.182,4.68147
380,124.683,255.252,4.91028
381,148.067,255.003,4.58265
382,136.471,255.153,4.78921
383,103.085,255.992,4.81408
384,164.793,255.199,4.66863
385,118.082,256.625,4.79993
386,154.178,256.263,4.82521
387,109.061,258.174,4.52253
388,130.213,257.705,4.52755
389,184.633,257.923,4.77709
390,190.314,258.213,4.85691
391,141.917,258.337,4.45131
392,178.65,258.443,4.70903
393,159.975,258.748,4.82944
394,171.587,258.534,4.77977
395,135.744,261.037,5.02487
396,150.261,260.056,4.9211
397,101.744,261.301,4.47908
398,113.992,261.657,4.86222
399,165.949,260.491,4.85785
400,124.894,261.695,4.6508
401,119.735,262.502,4.83262
402,144.843,262.645,4.97159
403,156.163,263.134,4.78607
404,175.554,263.442,4.82865
405,187.993,263.411,5.02546
406,129.395,263.958,4.89487
407,108.456,264.134,4.8371
408,162.307,264.152,4.69974
409,169.801,264.169,4.80587
410,181.661,263.076,4.74342
411,139.705,265.413,4.56239
412,150.405,265.422,4.85653
413,102.609,267.033,4.80329
414,133.918,267.892,4.92927
415,166.503,268.883,4.71894
416,114.984,267.985,4.59247
417,121.959,267.995,4.72293
418,172.215,269.021,4.76461
419,184.979,267.913,4.77893
420,144.436,268.76,4.98842
421,154.229,269.252,4.86931
422,160.384,268.935,4.88984
423,178.863,268.232,4.94935
424,190.943,268.886,4.74755
425,127.189,270.168,4.74851
426,107.806,270.305,4.87036
427,148.845,271.826,4.90373
428,138.808,271.732,4.80568
429,181.078,273.959,4.8662
430,186.244,272.744,4.69288
431,120.021,273.652,4.88985
432,132.462,273.881,4.777
433,176.027,273.225,4.90918
434,113.072,273.663,4.82329
435,158.166,274.191,4.84333
436,163.915,274.078,4.63585
437,104.883,275.278,4.73026
438,152.546,274.837,4.43878
439,170.064,274.651,4.7271
440,126.543,276.246,4.78647
441,144.224,275.098,4.89486
442,190.568,275.503,4.85253
443,138.106,277.347,4.78596
444,184.998,278.261,4.838
445,175.521,278.209,4.84259
446,116.304,279.461,4.8002
447,154.375,279.717,4.67774
448,110.263,279.462,4.77755
449,133.16,279.58,4.50314
450,160.163,279.463,4.68803
451,165.616,279.23,4.93215
452,149.047,279.973,4.92374
453,122.097,281.104,4.76113
454,179.847,281.41,4.81888
455,142.983,280.46,4.87598
456,170.698,280.387,4.89931
457,104.533,281.423,4.76174
458,189.862,281.213,4.77568
459,128.21,282.138,4.91033
460,138.514,283.939,4.71915
461,174.559,284.102,4.72612
462,184.793,283.674,4.67313
463,162.445,284.371,4.85428
464,145.547,285.226,4.79749
465,157.004,284.605,4.71579
466,110.877,285.147,4.77595
467,118.402,285.879,4.59114
468,168.352,285.418,4.76058
469,133.32,286.187,4.86252
470,151.947,286.509,4.70721
471,178.413,287.828,4.80483
472,126.438,287.402,4.7037
473,183.849,288.5,4.69404
474,102.417,287.526,4.74422
475,189.024,287.741,4.84563
476,163.537,288.992,4.88231
477,172.757,289.557,4.63493
478,140.165,289.629,4.82392
479,147.238,290.051,4.80045
480,157.524,289.999,4.89571
481,293.43,206.078,4.68231
482,291.389,214.567,4.99478
483,290.285,219.943,4.82751
484,294.243,227.797,4.54815
485,291.304,236.359,4.66958
486,287.78,251.216,4.72762
487,291.831,254.174,4.92427
488,293.379,258.791,4.65387
489,293.31,266.627,4.34603
490,292.309,271.309,4.88843
491,291.757,276.413,4.80001
492,294.02,281.113,4.82622
493,290.617,285.101,4.7162
494,294.269,288.954,4.66903
495,204.174,294.129,4.80207
496,208.533,290.509,4.98808
497,212.407,294.144,4.71981
498,218.876,292.583,4.95239
499,225.192,290.447,4.727
500,235.577,291.36,4.88754
501,241.295,290.181,4.73814
502,245.304,294.241,4.83007
503,257.82,292.096,4.80345
504,263.486,293.548,4.78388
505,268.88,293.677,4.9718
506,291.749,293.45,4.88795
507,294.717,233.201,4.97339
508,293.467,249.314,4.81208
509,204.457,197.907,4.77407
510,198.354,198.256,4.83822
511,262.278,197.938,4.85751
512,230.898,199.219,4.8547
513,273.496,198.769,4.69212
514,237.088,199.909,4.81691
515,279.433,200.627,4.72695
516,256.689,200.648,4.75423
517,209.207,201.382,4.7214
518,244.567,200.839,4.79105
519,267.455,200.962,4.73025
520,215.433,202.592,4.74129
521,222.389,203.083,4.66258
522,289.628,202.832,4.80553
523,250.555,203.498,4.88815
524,228.364,204.667,4.81906
525,203.612,204.928,4.93021
526,262.552,205.661,4.76634
527,274.762,204.258,4.73707
528,283.952,205.302,4.70535
529,234.521,206.34,4.63735
530,240.144,205.355,4.88156
531,256.351,206.287,4.68956
532,269.112,206.348,4.93352
533,245.247,207.621,4.62553
534,279.627,208.501,4.94253
535,209.323,208.271,4.48998
536,216.966,208.065,4.93891
537,288.869,209.327,4.76928
538,223.533,209.197,4.81247
539,200.512,210.097,4.76575
540,250.603,209.688,4.8363
541,273.558,210.547,4.73483
542,229.846,210.595,4.77952
543,267.612,211.863,4.67651
544,240.311,211.451,4.78856
545,258.181,211.289,4.83153
546,213,212.911,4.98969
547,205.229,213.482,4.88341
548,262.672,213.159,4.74673
549,283.686,212.632,4.62484
550,252.894,214.268,4.73613
551,218.933,214.012,4.70025
552,235.198,213.956,4.79015
553,277.154,214.35,4.67576
554,246.476,214.632,4.7601
555,224.252,215.228,4.86941
556,209.66,217.789,4.62405
557,199.259,216.743,4.7416
558,230.106,216.76,4.92351
559,240.469,217.386,4.71017
560,271.264,216.808,5.00867
561,285.652,217.187,4.77088
562,258.17,217.546,4.81943
563,265.626,218.097,4.83485
564,215.188,218.435,4.6466
565,280.187,218.759,4.79504
566,204.58,220.128,4.80249
567,220.064,220.81,4.89097
568,250.711,219.773,4.74917
569,226.061,220.657,4.80806
570,234.674,220.313,4.70422
571,245.268,220.543,4.79149
572,274.535,220.383,4.86653
573,261.566,222.385,4.69301
574,268.386,223.007,4.79933
575,255.441,222.967,4.81828
576,285.069,222.781,4.80988
577,240.421,223.509,4.88296
578,201.567,225.023,4.76164
579,207.853,224.743,4.7535
580,214.294,223.781,4.84933
581,229.602,224.878,4.75332
582,279.055,224.355,4.79929
583,250.541,225.826,4.79579
584,223.548,225.701,4.79418
585,235.243,225.509,4.79577
586,289.827,225.717,4.81398
587,245.297,226.488,4.88398
588,273.443,226.17,4.85514
589,257.054,228.443,4.79636
590,263.104,226.937,4.80553
591,218.064,228.188,4.65573
592,284.16,227.807,4.67163
593,211.956,229.133,4.73908
594,268.025,228.921,4.79336
595,232.868,230.125,4.8768
596,239.317,229.893,4.78878
597,278.6,229.717,4.67064
598,200.531,231.297,4.80509
599,206.513,230.53,4.93017
600,227.141,230,4.65702
601,221.653,232.04,4.79435
602,250.75,231.285,4.71645
603,262.054,232.107,4.84321
604,244.886,231.762,4.77339
605,272.667,231.866,4.77458
606,289.181,231.052,4.90743
607,283.347,233.073,4.98333
608,255.427,233.908,4.4926
609,232.523,234.656,4.79573
610,215.645,233.922,4.6566
611,266.719,235.303,4.83287
612,277.465,235.187,4.94403
613,203.058,235.738,4.71641
614,225.973,235.39,4.87203
615,209.773,236.017,4.88067
616,238.999,235.121,4.72632
617,286.674,236.596,4.77615
618,244.771,236.552,4.7401
619,250.345,236.618,4.8014
620,259.735,237.227,4.88581
621,271.598,237.105,4.58923
622,220.141,237.867,4.8885
623,281.656,238.766,4.69561
624,229.055,239.795,4.76309
625,214.458,239.93,4.76418
626,205.267,240.023,4.86758
627,235.394,239.782,4.85973
628,241.86,240.682,4.84156
629,254.461,240.434,4.88258
630,263.923,240.288,4.84781
631,291.165,241.35,4.61498
632,223.813,242.303,4.68674
633,269.859,241.609,5.04895
634,276.282,240.654,4.82391
635,248.207,242.355,4.90026
636,285.795,242.282,4.94287
637,209.84,243.159,4.84849
638,218.388,243.833,4.99703
639,258.747,243.704,4.78219
640,280.441,244.405,4.86106
641,231.96,244.6,4.96251
642,237.589,245.393,4.66025
643,197.561,244.96,4.92724
644,203.301,244.971,4.85769
645,264.7,244.773,4.73468
646,274.919,245.486,4.77827
647,243.082,246.504,4.70801
648,252.894,246.223,4.77227
649,269.51,246.421,4.72171
650,289.068,246.126,4.89225
651,214.077,247.605,4.71409
652,226.734,246.954,4.6986
653,261.525,248.324,4.7241
654,208.191,248.592,4.80407
655,283.511,248.147,4.87739
656,220.781,248.956,4.81958
657,247.689,249.485,5.10473
658,256.293,250.074,4.7955
659,266.242,251.358,4.88056
660,202.137,250.189,4.83141
661,232.885,250.302,4.84222
662,278.153,250.186,4.77345
663,272.075,250.233,4.60442
664,239.352,250.83,4.77243
665,226.769,251.98,4.75883
666,250.699,253.501,4.43789
667,282.849,253.572,4.61623
668,211.045,252.952,4.72861
669,244.18,253.794,4.90879
670,216.087,253.798,4.80702
671,199.809,254.69,4.88952
672,260.568,253.882,4.79254
673,274.066,254.222,4.67708
674,205.768,255.364,4.78064
675,220.963,255.024,4.76614
676,236.788,255.315,4.70518
677,268.886,256.142,4.78977
678,231.336,256.397,4.89512
679,254.905,255.864,4.75649
680,278.769,256.528,4.88858
681,287.146,257.134,4.79663
682,225.778,257.311,4.79714
683,264.102,258.516,4.85405
684,241.145,258.645,4.66238
685,211.295,258.158,4.75746
686,246.014,259.076,4.53386
687,258.81,259.145,4.64972
688,273.292,259.248,4.79273
689,283.063,260.38,4.86139
690,250.618,259.93,5.02926
691,216.777,260.1,4.93196
692,201.205,260.338,4.65729
693,222.142,261.755,4.64107
694,235.82,261.087,4.85539
695,228.673,261.605,4.82024
696,207.081,261.541,4.67891
697,278.29,262.424,4.86805
698,255.559,262.863,5.00849
699,267.644,263.064,4.95647
700,288.785,262.712,4.94605
701,212.936,264.276,4.87404
702,241.968,264.124,4.90293
703,261.961,263.828,4.75227
704,247.018,265.381,4.88772
705,272.895,263.823,4.60721
706,202.155,265.175,4.70068
707,218.687,266.101,4.74567
708,225.318,266.727,5.02773
709,231.42,266.025,4.83264
710,282.087,266.13,4.47056
711,236.645,266.185,4.88906
712,251.864,267.178,4.88636
713,208.012,267.435,4.94496
714,270.057,268.273,4.92543
715,288.029,267.764,4.9293
716,258.024,267.719,4.70749
717,275.952,267.673,4.91775
718,264.452,268.908,4.87408
719,197.662,268.43,4.93296
720,242.076,269.791,4.64621
721,215.012,270.405,4.73034
722,229.514,270.667,4.62364
723,283.815,270.407,4.72291
724,202.931,270.984,4.85895
725,221.673,271.471,4.8664
726,247.779,271.211,4.80799
727,209.642,272.122,4.8414
728,236.03,270.877,4.9186
729,254.382,271.924,4.68976
730,260.167,271.928,4.8754
731,278.636,271.741,4.7509
732,267.822,273.435,4.79326
733,273.561,272.889,4.88344
734,286.98,274.591,4.89374
735,238.626,275.278,4.72426
736,199.933,275.676,4.74779
737,205.372,276.513,4.8554
738,226.627,274.564,4.8703
739,244.639,275.122,4.86166
740,262.998,275.736,4.65763
741,217.283,275.889,4.87234
742,232.659,274.962,4.65247
743,281.774,275.503,4.89002
744,211.52,276.9,4.78764
745,250.858,275.952,4.77792
746,222.632,277.445,4.51328
747,256.915,276.503,4.82923
748,276.516,277.084,4.75832
749,270.855,277.744,4.99242
750,265.903,279.64,4.80344
751,229.025,279.202,4.89067
752,241.222,279.966,4.89424
753,235.479,280.137,4.81702
754,247.309,280.229,4.82235
755,288.203,280.168,5.00081
756,254.029,281.106,4.8985
757,281.229,280.324,4.86928
758,201.374,281.248,4.86686
759,219.726,281.87,4.86784
760,260.198,280.607,4.77346
761,207.73,281.906,4.7733
762,214.489,281.866,4.79822
763,275.033,281.554,4.73446
764,225.695,283.9,4.8844
765,269.622,283.254,4.67297
766,285.251,283.868,4.96918
767,264.147,284.496,4.80938
768,231.702,283.941,4.89044
769,243.514,285.007,4.86714
770,249.882,284.564,4.64179
771,198.691,285.81,4.77815
772,279.298,285.245,4.7579
773,257.741,285.179,4.83363
774,237.278,285.698,4.86986
775,210.638,286.015,4.66127
776,204.068,286.979,4.79324
777,273.73,286.384,4.75338
778,221.172,287.326,4.7506
779,215.48,287.991,4.79584
780,253.381,288.407,4.80661
781,283.217,288.062,4.77225
782,247.38,289.284,4.7643
783,261.966,288.832,4.82295
784,230.599,288.684,4.76397
785,267.967,288.661,4.83985
786,288.477,289.153,4.87812
787,278.502,290.585,4.64605
788,199.646,290.761,4.89322
789,273.515,291.038,4.64641
790,386.403,200.96,4.74
791,391.486,214.509,4.9225
792,389.429,220.941,4.88386
793,389.185,230.737,4.50154
794,388.964,235.97,4.70575
795,390.932,246.665,4.76753
796,388.825,267.954,4.76915
797,386.818,272.975,4.82333
798,388.521,278.251,4.78586
799,387.094,292.891,4.84941
800,297.369,293.794,4.75371
801,303.155,294.456,4.72359
802,308.854,293.529,4.74472
803,314.007,291.902,4.86742
804,327.327,292.948,5.05676
805,338.185,293.143,4.73925
806,348.626,294.051,4.79396
807,353.264,292.712,4.64973
808,366.955,291.947,4.72356
809,371.981,292.983,4.88131
810,375.433,289.322,5.1728
811,322.248,293.268,4.63547
812,305.411,289.526,4.92407
813,320.325,197.802,4.92119
814,344.161,199.302,4.8108
815,314.699,200.081,4.46352
816,337.856,198.377,5.12301
817,350.76,201.158,4.85266
818,302.42,199.925,4.90095
819,357.052,201.799,4.63453
820,308.464,201.542,4.79709
821,326.087,202.375,4.94182
822,363.991,203.045,4.86024
823,375.61,202.873,4.91514
824,298.15,203.982,4.72352
825,319.406,203.693,4.89725
826,332.711,203.667,4.95782
827,346.497,205.985,4.8782
828,381.676,205.457,5.0877
829,339.976,205.177,4.79487
830,370.032,205.403,4.84721
831,303.158,205.547,4.88656
832,312.663,206.133,5.05611
833,306.874,209.015,4.84612
834,323.719,208.061,4.75932
835,352.695,207.917,4.9521
836,328.99,208.488,4.87658
837,359.019,208.24,4.8796
838,387.383,208.466,5.10463
839,375.66,208.601,4.71222
840,335.572,209.293,4.77597
841,365.042,210.067,4.84636
842,296.128,210.349,4.7703
843,317.09,209.424,4.67877
844,341.632,211.068,4.87593
845,301.512,211.4,4.71981
846,311.45,212.396,4.65592
847,348.487,212.17,4.6876
848,371.318,212.005,5.11838
849,379.861,212.084,4.93074
850,326.72,214.338,5.13982
851,385.41,215.147,4.803
852,320.783,213.117,4.93986
853,355.003,213.529,4.90682
854,361.495,214.813,4.80568
855,332.537,213.597,5.127
856,305.609,215.287,4.80127
857,316.001,216.048,4.86262
858,373.404,217.338,4.8317
859,337.371,216.033,4.52552
860,298.082,215.751,4.79176
861,343.166,216.737,4.99604
862,367.419,217.32,5.11298
863,348.668,217.888,5.1105
864,357.356,218.796,4.73678
865,379.374,217.46,4.87619
866,326.991,219.752,4.62618
867,332.272,219.482,4.82127
868,311.379,218.393,4.83736
869,321.514,218.576,4.80197
870,352.852,220.72,4.81672
871,295.05,220.992,4.83435
872,301.12,220.054,4.66084
873,306.858,220.548,4.92491
874,362.25,220.95,4.69591
875,382.987,221.916,4.82077
876,376.37,222.711,4.61469
877,316.777,222.348,4.70302
878,337.441,222.238,4.99846
879,343.189,222.988,4.75048
880,370.57,223.36,4.93506
881,322.993,224.001,4.7608
882,310.583,224.763,4.85589
883,298.996,224.574,5.00846
884,330.408,224.352,4.74862
885,348.617,223.839,4.75947
886,357.965,225.431,5.10258
887,304.592,225.503,4.7082
888,365.098,225.141,4.76621
889,385.641,226.923,5.06034
890,340.513,228.097,4.92269
891,315.096,227.274,4.85137
892,326.222,228.009,4.88417
893,319.886,229.134,4.70606
894,334.965,227.892,4.9714
895,379.886,228.198,4.75609
896,352.853,227.763,4.85931
897,374.274,228.76,4.86842
898,346.388,228.641,4.84406
899,368.053,229.469,4.80971
900,299.335,229.668,4.82661
901,309.938,230.62,4.8426
902,330.962,230.882,4.82463
903,362.355,230.587,5.31153
904,304.512,230.715,4.95765
905,344.46,233.672,4.70938
906,356.838,231.78,4.92798
907,383.483,233.529,4.94009
908,315.059,232.321,4.87213
909,324.638,232.8,4.86328
910,350.528,232.754,4.9625
911,371.682,233.829,4.97632
912,300.112,234.825,4.7455
913,377.255,234.227,4.94449
914,305.95,235.153,4.80005
915,319.422,235.846,4.79702
916,366.527,235.374,4.89481
917,361.111,235.913,4.75416
918,330.329,235.807,4.69884
919,313.616,236.799,4.74493
920,340.643,236.867,4.85169
921,355.093,236.959,4.85719
922,349.581,238.333,4.73346
923,324.851,237.371,5.07721
924,335.41,238.398,4.7706
925,308.888,238.225,4.60161
926,296.545,238.995,4.9619
927,371.774,238.7,4.5354
928,379.955,238.603,4.95538
929,302.553,239.454,4.84884
930,344.476,240.599,4.68763
931,384.822,240.067,4.91312
932,327.055,241.599,4.54867
933,331.533,240.993,4.75066
934,359.37,240.723,4.86362
935,365.623,240.824,4.95823
936,311.787,242.419,4.65855
937,316.53,241.217,4.81777
938,321.739,241.484,4.74057
939,353.864,242.481,4.89427
940,390.485,241.094,5.20758
941,339.828,242.463,4.86381
942,375.603,242.402,5.04345
943,295.171,244.396,4.71241
944,300.136,243.772,4.61175
945,306.388,242.772,4.9445
946,348.667,244.236,4.83483
947,335.101,244.595,4.69376
948,362.338,244.926,4.94874
949,370.431,244.599,5.0662
950,380.895,245.213,4.76361
951,319.504,246.261,4.92282
952,386.258,245.186,5.04493
953,303.922,247.361,4.71614
954,330.302,246.59,4.87468
955,324.814,246.508,4.78358
956,357.025,247.013,4.99978
957,309.223,247.458,4.87481
958,344.141,246.829,4.88019
959,367.1,248.08,4.72677
960,314.614,247.079,5.08536
961,351.988,248.196,4.59855
962,375.392,247.42,4.80722
963,338.262,248.31,4.73613
964,298.763,248.784,4.86678
965,362.017,249.976,4.84093
966,317.854,251.877,4.83825
967,385.569,250.307,5.014
968,333.472,250.975,5.00605
969,372.364,251.292,4.94192
970,322.742,251.11,4.52702
971,327.639,251.788,4.98803
972,341.867,251.897,4.85985
973,347.352,251.547,4.90074
974,379.362,250.813,5.08436
975,307.333,252.002,4.84688
976,313.198,252.346,4.7163
977,357.322,253.191,4.8582
978,301.969,252.984,4.90246
979,367.761,253.558,4.56623
980,352.622,253.437,4.76525
981,362.782,254.772,4.92282
982,297.031,254.441,4.8291
983,337.632,254.556,4.71177
984,382.948,254.862,5.04607
985,331.241,255.749,4.77318
986,376.536,255.419,4.81254
987,311.017,256.564,4.83419
988,343.799,256.255,4.60364
989,305.221,256.788,4.52685
990,318.825,256.367,4.67979
991,387.901,256.619,4.91733
992,324.572,256.654,4.80007
993,348.987,257.405,4.88432
994,371.391,257.817,5.01569
995,334.859,259.412,4.71311
996,354.264,259.135,5.05905
997,300.012,259.146,4.78584
998,339.583,259.65,4.75869
999,359.556,258.643,4.69572
1000,380.196,259.052,4.89123
1001,315.042,260.26,4.92931
1002,365.528,259.352,4.89249
1003,329.678,260.681,4.8662
1004,320.382,260.937,4.48622
1005,309.764,261.614,4.89685
1006,345.05,261.131,5.04115
1007,374.82,261.438,4.88547
1008,385.205,261.963,4.71319
1009,324.802,262.24,4.88165
1010,304.615,262.24,4.97555
1011,369.808,263.272,4.92567
1012,296.193,262.954,4.94153
1013,350.258,262.729,4.82196
1014,341.962,264.653,4.66458
1015,359.732,263.523,4.74043
1016,332.519,265.17,5.00296
1017,355.242,264.677,4.87506
1018,390.728,262.782,4.96318
1019,300.93,265.547,4.54406
1020,337.202,264.807,4.87201
1021,364.308,265.041,5.00395
1022,379.342,264.173,4.85544
1023,317.807,264.929,4.99233
1024,312.174,266.261,4.85013
1025,346.618,266.938,4.73551
1026,327.987,266.609,4.78673
1027,307.14,266.98,4.51593
1028,322.877,267.387,4.84937
1029,374.066,267.066,4.87386
1030,351.548,267.84,4.74408
1031,383.643,267.849,5.26973
1032,367.553,268.337,4.69206
1033,359.56,269.05,4.60979
1034,378.359,269.219,4.59423
1035,297.531,270.077,5.00235
1036,337.492,269.917,4.60356
1037,342.353,270.309,4.98655
1038,316.369,269.748,4.82687
1039,332.012,270.522,4.88976
1040,302.994,270.213,4.99199
1041,310.293,271.396,4.78713
1042,326.606,271.879,4.8467
1043,320.775,272.247,4.73635
1044,354.225,271.886,4.9236
1045,348.965,272.187,4.69398
1046,370.306,271.866,5.04729
1047,381.365,273.268,4.73715
1048,364.454,273.144,5.0634
1049,375.148,273.108,4.95897
1050,306.148,274.575,4.76266
1051,357.949,274.277,4.75631
1052,301.001,275.244,4.76323
1053,315.283,274.796,4.68525
1054,335.94,274.4,4.70205
1055,296.261,275.71,4.62016
1056,331.38,276.093,4.96076
1057,340.881,275.693,4.94067
1058,345.745,275.392,4.44776
1059,310.417,277.113,4.61429
1060,319.166,277.927,4.72516
1061,324.646,276.165,4.957
1062,362.138,277.282,4.74451
1063,370.798,276.532,4.94452
1064,352.09,277.343,5.01984
1065,383.52,277.996,4.85609
1066,377.821,277.393,5.21342
1067,328.705,279.532,4.84511
1068,336.151,280.42,4.91621
1069,357.205,279.695,4.85916
1070,366.814,279.504,4.84407
1071,305.113,279.456,4.95031
1072,314.371,280.624,4.86285
1073,323.334,281.2,4.72345
1074,373.704,280.118,5.1143
1075,299.55,280.261,4.8185
1076,341.925,280.258,4.89848
1077,347.376,279.786,5.03098
1078,332.624,283.283,4.92133
1079,362.325,282.194,4.93528
1080,380.111,281.834,5.15467
1081,350.722,283.156,4.64052
1082,309.241,283.123,5.09063
1083,354.985,283.952,4.934
1084,387.958,283.117,4.96433
1085,345.735,284.644,4.56233
1086,303.87,284.457,4.81079
1087,365.588,286.083,4.52315
1088,370.388,283.746,4.84617
1089,297.53,284.654,4.60238
1090,319.512,284.404,5.03609
1091,326.847,284.295,4.85164
1092,375.651,284.559,4.71186
1093,314.323,286.264,4.72316
1094,383.747,284.561,4.5455
1095,359.995,285.989,4.78499
1096,334.34,288.463,4.54264
1097,329.663,288.149,4.78812
1098,324.045,288.636,4.58378
1099,380.038,287.666,4.85935
1100,310.121,288.136,4.62285
1101,339.506,288.426,4.85383
1102,370.256,288.31,4.82542
1103,299.951,288.996,4.84376
1104,350.056,288.475,4.94038
1105,386.292,288.562,5.11216
1106,318.842,289.733,4.78222
1107,344.601,289.135,4.67719
1108,356.297,289.143,4.84563
1109,361.985,291.017,5.19673
1110,392.484,291.478,5.05549
1111,403.629,290.607,4.87149
1112,409.046,293.261,5.02512
1113,441.792,293.339,5.09585
1114,413.902,291.042,5.14758
1115,436.511,290.59,5.21417
1116,398.034,199.218,5.04735
1117,413.157,198.758,4.9791
1118,417.436,201.745,5.25079
1119,404.578,201.523,5.1927
1120,392.403,203.481,5.16253
1121,398.979,205.242,4.885
1122,410.705,204.56,4.96934
1123,422.573,205.466,5.17333
1124,433.794,206.729,5.32922
1125,394.399,209.434,4.82183
1126,404.44,208.025,4.79918
1127,416.741,208.245,5.30199
1128,439.519,209.807,5.28359
1129,410.91,211.286,5.20127
1130,428.362,209.638,5.36668
1131,422.591,212.037,5.24669
1132,399.194,213.847,5.0279
1133,405.385,214.031,4.87131
1134,416.449,214.516,5.18346
1135,434.171,213.625,5.12775
1136,428.432,216.788,5.09855
1137,440.95,216.024,5.2333
1138,410.222,218.277,4.97514
1139,395.856,219.647,5.01931
1140,416.587,220.135,4.82339
1141,422.535,218.918,5.20907
1142,452.526,218.986,5.27881
1143,402.821,219.949,5.30549
1144,434.689,219.908,5.28512
1145,439.935,223.662,4.84587
1146,445.397,220.519,5.40868
1147,407.355,223.721,5.33307
1148,427.322,223.841,5.30248
1149,392.846,225.375,4.83021
1150,399.779,225.345,4.92893
1151,420.244,225.001,5.17298
1152,413.617,225.443,5.13507
1153,445.33,227.209,5.26761
1154,433.462,225.851,5.24999
1155,438.738,230.03,4.89654
1156,394.85,230.865,4.88728
1157,410.677,230.102,5.13092
1158,423.786,229.771,5.28153
1159,405.005,228.988,5.3426
1160,400.266,232.304,5.09538
1161,430.476,231.1,5.32345
1162,416.595,231.532,5.19905
1163,451.566,229.666,5.38409
1164,446.669,233.441,5.25861
1165,426.064,234.718,5.11014
1166,435.29,234.992,5.28362
1167,441.417,235.852,5.33462
1168,405.552,234.732,5.36004
1169,410.365,236.144,5.22234
1170,395.082,236.627,4.93134
1171,420.258,236.241,5.40221
1172,452.843,236.298,5.31209
1173,461.888,234.26,5.36844
1174,414.735,238.349,5.21328
1175,401.466,238.837,5.14275
1176,430.963,238.483,5.15675
1177,425.007,239.917,5.27618
1178,445.797,239.78,5.27948
1179,458.731,239.738,5.2452
1180,396.268,242.26,5.24942
1181,439.634,240.935,5.22869
1182,407.753,241.414,4.95952
1183,419.107,242.654,5.04304
1184,412.488,244.52,5.21495
1185,451.411,241.825,5.36681
1186,470.235,241.253,5.32716
1187,401.729,244.352,5.03375
1188,432.666,244.862,5.31251
1189,464.857,244.59,5.36958
1190,444.289,245.083,5.29628
1191,426.571,244.835,5.20009
1192,438.344,246.197,5.02233
1193,406.838,246.827,5.29933
1194,416.716,248.387,5.14096
1195,421.953,247.641,5.25698
1196,396.56,247.829,5.17232
1197,450.003,247.69,5.33731
1198,471.785,247.094,5.37547
1199,461.266,248.503,5.02156
1200,411.795,251.102,5.02407
1201,401.844,250.434,4.69907
1202,427.727,250.21,5.34931
1203,455.102,250.855,5.3814
1204,443.91,251.29,5.34178
1205,406.755,251.925,5.08731
1206,438.35,251.321,5.28701
1207,391.29,251.973,5.10119
1208,397.048,252.872,5.25821
1209,421.01,252.507,5.3471
1210,415.456,255.026,5.16061
1211,449.76,254.086,5.18317
1212,426.726,255.045,5.14396
1213,461.351,253.677,5.26091
1214,392.916,257.363,5.12072
1215,403.902,256.331,5.14916
1216,433.432,252.933,5.414
1217,398.112,257.724,4.99533
1218,410.181,257.006,4.91957
1219,420.102,257.495,5.1923
1220,439.312,256.423,5.25192
1221,455.899,256.635,5.26849
1222,466.79,256.505,5.23013
1223,472.658,257.072,5.40748
1224,430.754,258.438,5.26088
1225,444.975,257.809,5.36259
1226,424.252,259.792,5.30391
1227,435.727,260.116,5.27712
1228,478.34,259.444,5.4717
1229,405.72,261.576,4.78098
1230,450.662,259.831,5.13951
1231,461.706,259.682,5.3672
1232,400.903,261.527,5.08634
1233,415.846,261.26,4.77997
1234,440.456,262.356,5.43519
1235,395.954,263.485,4.91208
1236,410.632,262.249,5.25968
1237,456.899,262.667,5.30512
1238,421.646,264.316,5.21305
1239,446.149,264.049,5.23394
1240,473.073,263.041,5.31568
1241,431.853,264.747,5.21519
1242,401.395,266.184,4.91637
1243,416.999,266.745,5.36682
1244,427.358,263.152,5.37826
1245,452.601,265.21,5.26166
1246,412.493,267.145,4.93339
1247,462.252,265.779,5.33205
1248,393.793,268.582,4.73497
1249,407.311,267.271,5.22209
1250,426.587,268.225,5.13404
1251,435.95,266.927,5.1482
1252,473.545,268.694,5.26031
1253,467.647,267.714,5.33782
1254,431.447,270.677,5.2573
1255,440.616,268.005,5.34377
1256,421.274,269.971,5.29819
1257,404.881,271.679,4.91542
1258,444.734,269.757,5.06025
1259,399.71,270.398,5.332
1260,410.364,272.343,5.22455
1261,449.342,269.014,5.32437
1262,396.036,273.178,4.85937
1263,415.679,272.331,4.99485
1264,391.817,274.527,4.99837
1265,425.833,273.131,5.22945
1266,442.155,274.001,5.3476
1267,469.169,272.963,5.31316
1268,436.531,272.623,5.33376
1269,406.72,277.153,5.19574
1270,420.705,275.567,5.30979
1271,401.313,275.601,5.14846
1272,430.402,275.511,5.22866
1273,411.903,277.477,5.15524
1274,448.98,274.657,5.53135
1275,465.626,276.711,5.37694
1276,416.751,277.996,5.16209
1277,397.171,278.77,4.98078
1278,425.218,278.063,5.197
1279,434.505,277.698,5.311
1280,460.427,277.159,5.36298
1281,445.069,278.782,5.39951
1282,402.344,280.746,5.14565
1283,439.37,278.264,5.33059
1284,392.822,280.999,5.21026
1285,409.088,282.195,5.08282
1286,421.89,282.243,4.63777
1287,415.943,282.465,4.99384
1288,429.156,281.265,5.28932
1289,466.911,281.799,5.38117
1290,397.299,284.316,5.1894
1291,441.321,282.794,5.22273
1292,403.272,285.164,5.0103
1293,447.683,283.403,5.41046
1294,472.293,283.902,5.31416
1295,392.442,286.512,4.95086
1296,412.686,286.05,5.20197
1297,426.341,285.425,5.27516
1298,437.527,286.122,5.27415
1299,431.812,286.99,5.19372
1300,408.242,287.876,5.0774
1301,417.697,287.221,5.25113
1302,422.221,288.525,5.3131
1303,455.146,286.56,5.26444
1304,397.893,289.23,5.11733
1305,427.435,290.249,5.24217
1306,452.147,291.073,5.22222
1307,98.5845,307.381,4.7603
1308,100.298,313.262,4.77099
1309,86.3408,295.917,4.85484
1310,73.1392,296.206,4.71154
1311,79.5758,297.169,5.00442
1312,91.2762,299.558,4.82861
1313,96.7635,300.899,4.71887
1314,84.5453,301.854,4.72186
1315,78.0741,303.454,4.79464
1316,91.1404,305.321,4.75096
1317,84.7357,307.273,4.93421
1318,92.4931,310.814,4.62893
1319,194.694,299.313,4.81424
1320,193.715,303.9,4.7889
1321,195.683,309.579,4.83866
1322,194.105,321.042,4.76819
1323,195.834,326.772,4.61093
1324,196.886,347.081,4.68211
1325,196.423,332.54,4.96849
1326,145.26,294.512,4.62955
1327,103.909,296.475,4.66776
1328,138.18,295.126,4.80313
1329,110.875,295.328,4.7416
1330,191.516,294.918,4.92213
1331,157.873,295.956,4.80375
1332,169.91,296.283,4.81703
1333,132.69,297.521,4.82623
1334,116.693,298.006,4.84272
1335,122.424,297.632,4.75721
1336,142.793,299.352,4.65745
1337,153.431,299.102,4.82191
1338,175.145,299.04,4.68799
1339,181.084,299.485,4.85695
1340,163.004,299.678,4.77839
1341,187.957,299.509,4.79912
1342,127.616,301.065,4.79223
1343,109.772,301.024,4.83903
1344,137.424,301.922,4.8462
1345,169.107,301.701,4.72888
1346,157.767,302.634,4.85795
1347,102.847,302.392,4.62971
1348,186.915,304.033,4.81634
1349,121.488,303.901,4.81744
1350,115.17,304.814,4.68374
1351,175.302,303.88,4.77684
1352,150.866,304.78,4.73657
1353,162.645,305.479,4.78077
1354,180.718,305.445,4.83756
1355,143.668,305.417,4.83191
1356,107.063,306.647,4.73584
1357,127.376,307.151,4.36709
1358,155.814,307.937,4.76229
1359,169.666,307.13,4.88619
1360,137.73,308.917,4.97261
1361,184.594,309.32,4.7769
1362,190.072,309.213,4.76625
1363,175.232,309.79,4.80956
1364,119.783,310.412,4.82553
1365,164.25,310.44,4.82334
1366,113.038,310.046,4.74656
1367,149.803,310.446,4.88177
1368,143.657,310.815,4.74579
1369,132.901,311.973,4.68585
1370,158.662,312.289,4.86758
1371,179.79,312.615,4.6462
1372,106.324,311.554,4.83482
1373,126.1,312.191,4.91115
1374,168.796,313.322,4.64532
1375,152.924,315.407,4.79717
1376,185.717,314.92,4.96649
1377,191.887,314.546,4.48735
1378,138.616,315.52,4.85174
1379,146.227,315.992,4.44202
1380,109.157,316.027,4.98525
1381,115.718,316.157,4.70771
1382,162.849,316.671,4.61474
1383,172.907,316.418,4.93882
1384,122.501,317.488,4.72987
1385,129.758,317.291,4.83703
1386,177.601,318.369,4.7912
1387,157.285,319.033,4.81181
1388,134.506,321.193,4.75953
1389,182.506,319.908,4.65806
1391,167.142,320.207,4.66031
1392,188.421,320.08,4.80839
1393,142.013,320.695,4.69024
1394,149.295,321.58,4.99085
1395,111.102,321.26,4.63032
1396,118.665,322.448,4.89272
1397,172.129,322.894,4.81975
1398,161.621,323.435,4.57909
1399,154.964,324.787,4.826
1400,177.838,324.546,4.74566
1401,184.06,325.418,4.7617
1402,137.745,325.824,4.78389
1403,190.074,326.327,4.85142
1404,123.642,326.856,4.34254
1405,144.57,326.768,4.78661
1406,166.041,327.075,4.95599
1407,112.351,327.237,5.25
1408,150.519,328.481,4.30813
1409,172.292,329.303,4.76771
1410,117.688,329.319,5.15931
1411,132.217,329.892,4.66799
1412,159.437,329.714,4.6342
1413,178.492,330.429,4.72037
1414,139.934,331.383,4.799
1415,184.689,331.215,4.72541
1416,190.201,332.822,4.70525
1417,123.895,332.398,5.18263
1418,146.742,333.342,4.94961
1419,154.226,333.405,4.91844
1420,167.176,333.001,4.80474
1421,161.427,335.299,4.94783
1422,129.355,336.017,5.43797
1424,173.382,335.364,4.65815
1425,180.044,336.335,4.68868
1426,141.289,337.457,5.05418
1427,192.498,338.411,4.70677
1428,150.995,338.757,4.90836
1429,186.032,339.046,4.79027
1430,167.486,339.209,4.76529
1431,157.225,340.525,4.84474
1432,174.056,341.628,4.99584
1433,180.164,342.388,4.85865
1434,162.434,342.825,4.77283
1435,190.297,344.518,4.83796
1436,168.887,345.521,4.76553
1437,183.433,346.537,4.86434
1438,176.382,348.011,4.83674
1439,190.322,350.614,5.13794
1440,290.446,298.321,4.67573
1441,293.063,303.031,4.88038
1442,291.761,311.44,4.70631
1443,292.941,316.422,4.86399
1444,292.06,325.86,4.79902
1445,293.315,333.213,5.18291
1446,294.839,340.172,4.75956
1447,293.275,357.325,5.09702
1448,288.892,351.936,4.76015
1449,229.497,294.064,4.86952
1450,251.627,293.865,4.95913
1451,198.129,295.282,4.73045
1452,239.542,295.462,4.80684
1453,280.026,295.325,4.98026
1454,223.609,295.917,4.76991
1455,234.06,296.994,4.87082
1456,273.679,296.334,4.68838
1457,256.048,296.966,4.69477
1458,207.18,298.288,4.82386
1459,285.773,297.388,4.90581
1460,216.887,297.576,4.77529
1461,261.595,297.868,4.73695
1462,248.778,298.176,4.72819
1463,266.986,298.84,4.85123
1464,228.008,299.763,4.65735
1465,200.908,300.026,4.72896
1466,243.498,299.572,4.75085
1467,211.302,300.917,4.80316
1468,222.239,300.424,4.69223
1469,238.092,301.171,4.7985
1470,281.789,300.527,4.89814
1471,276.82,300.751,4.84439
1472,252.866,301.323,4.6727
1473,272.184,301.57,4.6956
1474,258.136,302.006,4.83207
1475,216.912,302.881,4.76352
1476,232.835,302.846,4.84597
1477,286.649,302.924,4.59105
1478,263.759,302.865,4.87558
1479,247.354,303.54,4.83378
1480,205.484,304.683,4.94805
1481,241.281,305.361,4.91568
1482,269.788,305.403,4.78301
1483,280.154,304.947,4.67171
1484,199.865,304.893,4.79487
1485,223.031,305.244,4.87127
1486,228.664,305.934,4.76409
1487,211.101,306.482,4.90229
1488,235.432,307.693,4.72583
1489,253.319,306.698,4.94107
1490,259.735,307.317,4.96243
1491,288.4,307.271,4.81442
1492,265.482,308.502,4.76012
1493,275.965,307.779,4.83364
1494,217.694,308.346,4.78267
1495,246.802,308.594,4.73457
1496,283.21,308.542,4.82507
1497,201.518,310.352,4.6846
1498,241.785,310.721,4.92421
1499,207.125,312.218,4.78995
1500,223.827,310.91,4.85988
1501,270.92,310.904,4.72976
1502,230.949,311.855,4.82875
1503,212.819,311.698,4.82097
1504,250.562,312.116,4.77722
1505,256.127,312.97,4.78608
1506,261.594,312.792,4.63786
1507,280.418,312.753,4.88547
1508,236.478,313.433,4.84495
1509,286.86,313.393,4.57728
1510,217.936,314.153,4.5309
1511,245.799,314.83,4.3776
1512,275.241,313.822,4.75965
1513,226.615,315.046,4.67411
1514,266.806,314.226,4.83914
1515,197.356,316.092,4.81341
1516,202.948,316.618,4.84445
1517,240.647,317.003,4.87647
1518,212.207,316.897,4.72248
1519,222.297,317.61,4.67607
1520,283.872,317.605,4.91785
1521,229.825,318.459,4.99325
1522,271.283,318.202,4.7786
1523,251.553,318.113,4.78162
1524,259.151,318.242,4.93041
1525,265.099,319.067,4.63589
1526,277.633,318.645,4.7975
1527,206.742,320.735,4.7513
1528,235.694,319.85,4.5162
1529,217.856,320.899,4.90408
1530,245.576,320.961,4.84244
1531,289.354,321.047,4.80041
1532,200.28,322.276,4.71256
1533,254.942,323.172,4.7951
1534,283.903,323.043,4.87645
1535,212.543,322.922,4.83491
1536,223.821,323.716,4.97609
1537,240.734,323.608,4.8287
1538,230.031,324.089,4.71488
1539,261.049,323.95,4.81587
1540,278.776,324.357,4.81609
1541,267.195,324.134,4.87523
1542,273.073,323.97,4.97283
1543,249.916,324.3,4.39077
1544,235.532,326.335,4.67854
1545,202.388,327.833,4.7684
1546,209.433,327.387,4.73185
1547,216.677,327.953,4.69445
1548,245.386,328.174,4.84496
1549,269.592,329.436,4.7636
1550,287.497,328.417,4.92728
1551,257.101,329.347,4.79176
1552,275.772,329.375,4.7716
1553,222.554,329.627,4.66977
1554,282.471,329.624,4.60785
1555,263.133,329.826,4.59141
1556,229.11,330.062,4.84589
1557,240.31,331.117,4.90473
1558,250.81,330.262,4.90927
1559,206.722,332.455,4.8045
1560,212.704,334.794,4.80183
1561,234.622,333.071,4.83738
1562,287.975,334.001,4.39835
1563,278.6,334.161,4.62128
1564,266.381,335.113,4.77841
1565,201.356,335.301,4.72559
1566,218.478,334.743,4.83245
1567,224.981,335.562,4.71903
1568,252.837,336.11,4.86264
1569,272.744,335.108,4.75259
1570,246.035,335.321,4.72787
1571,259.516,335.49,4.76649
1572,231.344,337.773,4.67046
1573,283.26,336.218,4.51004
1574,238.653,338.169,4.66948
1575,206.831,338.577,4.88354
1576,197.485,340.649,4.72935
1577,288.569,339.573,4.92405
1578,216.983,340.688,4.9484
1579,276.792,340.062,4.95305
1580,244.054,341.363,4.83227
1581,263.356,341.161,4.87603
1582,269.641,340.719,4.64669
1583,250.274,342.237,4.75847
1584,257.151,341.215,4.81983
1585,226.278,341.881,4.85524
1586,211.109,342.728,4.63164
1587,282.732,341.841,4.66874
1588,202.996,343.301,5.00099
1589,233.884,343.65,4.78101
1590,239.612,345.512,4.78261
1591,273.298,345.87,4.84612
1592,289.855,345.388,4.80935
1593,278.957,346.466,4.6035
1594,216.193,346.982,4.80512
1595,222.449,346.725,4.77297
1596,261.003,347.145,4.79358
1597,267.191,346.573,4.85988
1598,254.439,347.32,4.95731
1599,228.472,348.27,4.72738
1600,284.448,347.798,4.95292
1601,246.747,347.794,4.71863
1602,204.332,348.583,4.78995
1603,210.435,348.933,4.69131
1604,234.251,350.234,5.01451
1605,240.91,351.692,4.71942
1606,270.688,351.536,4.819
1607,258.455,353.056,4.63632
1608,276.681,352.074,4.96355
1609,214.798,353.297,5.04843
1610,222.136,352.543,4.91919
1611,264.922,352.592,4.79595
1612,197.747,352.588,4.9557
1613,251.662,352.567,4.7977
1614,246.777,354.98,5.16882
1615,228.512,354.808,4.95654
1616,282.568,353.69,4.96268
1617,235.356,357.073,5.22713
1618,218.512,357.882,5.5406
1620,270.057,356.751,5.17282
1621,241.453,357.479,5.09389
1622,277.479,357.621,5.2642
1623,251.984,359.103,5.54918
1624,263.509,358.149,5.28165
1625,258.103,358.783,5.22854
1626,282.562,359.675,5.43717
1627,388.163,312.335,5.1492
1628,388.8,318.052,5.09277
1629,388.821,325.864,4.89416
1630,387.681,331.308,5.0254
1631,387.204,336.905,5.23619
1632,332.639,293.542,4.76599
1633,343.466,293.922,4.87931
1634,381.705,293.088,5.23296
1635,358.429,294.735,4.94083
1636,376.568,293.849,5.15752
1637,364.305,296.52,5.0976
1638,318.105,296.202,4.98475
1639,369.965,296.972,4.39192
1640,312.815,297.195,4.85479
1641,340.522,298.03,4.90699
1642,329.124,297.915,4.79233
1643,334.948,297.92,4.86129
1644,384.23,297.649,5.05065
1645,295.494,298.682,4.84105
1646,324.008,297.716,4.81574
1647,300.469,298.747,4.74237
1648,307.116,298.564,4.85512
1649,353.538,297.632,5.07946
1650,378.337,298.266,4.95656
1651,346.282,298.729,4.88031
1652,360.253,299.405,4.76701
1653,390.767,296.682,5.30154
1654,320.375,301.176,4.77382
1655,373.186,300.54,4.9612
1656,356.037,302.292,4.59419
1657,315.625,302.058,4.82154
1658,326.081,302.859,4.76541
1659,331.158,302.662,4.80111
1660,337.114,302.127,4.63756
1661,350.801,302.109,4.79754
1662,366.284,301.679,5.03453
1663,310.106,303.008,4.78429
1664,303.994,302.252,4.90425
1665,342.836,302.949,4.93828
1666,380.43,302.302,4.9119
1667,385.467,302.913,5.25659
1668,389.572,300.735,5.19824
1669,299.537,305.062,4.88654
1670,347.196,305.246,4.69159
1671,361.115,304.445,5.06848
1672,369.927,305.309,5.0471
1673,322.072,305.82,4.80181
1674,374.953,305.776,4.95545
1675,333.81,306.864,4.80806
1676,338.927,306.951,4.72333
1677,305.567,306.971,4.85196
1678,352.651,307.105,4.80244
1679,294.522,307.386,4.8369
1680,311.008,308.94,4.57153
1681,317.006,307.409,4.68494
1682,379.442,307.277,5.18585
1683,384.976,307.589,4.94263
1684,366.954,308.892,4.88073
1685,329.362,309.342,4.84678
1686,343.154,308.775,4.88757
1687,362.346,309.194,4.90991
1688,324.354,309.889,4.72183
1689,357.082,309.356,5.04179
1690,297.836,311.312,4.62606
1691,347.569,311.021,4.81391
1692,372.115,310.826,5.29437
1693,303.171,311.387,4.6537
1694,336.043,311.854,4.57815
1695,315.648,312.672,4.81137
1696,381.909,312.242,5.07724
1697,351.947,312.941,4.91399
1698,321.08,313.538,4.88216
1699,308.774,313.427,4.75848
1700,342.392,313.828,5.18224
1701,362.011,313.877,5.18774
1702,327.149,314.804,5.01419
1703,355.978,315.086,4.80127
1704,368.072,314.559,5.06481
1705,376.642,312.205,5.37476
1706,332.481,316.177,4.65143
1707,347.792,317.052,4.61792
1708,298.695,317.018,4.88381
1709,303.817,316.819,4.95036
1710,382.945,316.737,5.15035
1711,337.824,316.811,5.00511
1712,312.841,317.049,4.89731
1713,318.1,318.082,4.97213
1714,364.188,319.149,5.04235
1715,374.769,316.606,5.09412
1716,308.329,319.804,4.80459
1717,358.804,319.013,4.71257
1718,323.617,319.152,5.14823
1719,369.296,320.014,4.69599
1720,342.447,319.513,4.81915
1721,352.973,320.31,4.78847
1722,314.233,322.153,4.79039
1723,328.971,320.682,5.00138
1724,379.123,320.676,5.13653
1725,302.353,322.122,4.83288
1726,320.41,323.199,4.80129
1727,335.635,321.613,4.81067
1728,296.182,322.013,4.49213
1729,374.163,322.059,5.11946
1730,384.63,322.031,4.66968
1731,347.872,322.958,4.81946
1732,359.23,324.086,4.93598
1733,341.879,324.448,4.88237
1734,365.581,325.007,5.13758
1735,308.548,325.437,4.83137
1736,325.073,325.411,4.87113
1737,371.338,326.502,4.65438
1738,331.04,325.981,4.89085
1739,353.668,326.75,4.94588
1740,336.354,327.758,4.83896
1741,377.228,326.926,4.91205
1742,301.976,327.171,4.9322
1743,315.247,327.205,4.97903
1744,296.923,328.255,4.76816
1745,382.654,327.187,5.0289
1746,347.499,328.265,4.85082
1747,341.657,329.716,5.10946
1748,321.316,330.26,4.89169
1749,359.899,329.156,4.89631
1750,305.954,330.511,4.78055
1751,332.304,332.287,4.73702
1752,367.322,330.557,4.90298
1753,310.642,333.054,4.80362
1754,327.15,331.053,4.90221
1755,316.375,332.624,4.73662
1756,299.639,334.35,4.70241
1757,350.792,332.715,5.08214
1758,356.572,334.536,5.05774
1759,374.35,332.056,5.12063
1760,381.117,333.21,5.10987
1761,363.043,334.271,4.70246
1762,337.912,334.335,4.83592
1763,344.819,334.618,5.00377
1764,305.565,336.672,4.88022
1765,369.961,336.117,5.09825
1766,325.644,336.291,4.76198
1767,320.163,338.588,5.10668
1768,376.609,337.828,5.03469
1769,314.369,337.868,4.94374
1770,351.201,338.374,4.5819
1771,332.058,338.547,4.98873
1772,339.746,339.199,5.05662
1773,361.184,339.276,4.98039
1774,356.023,342.102,4.85514
1775,301.349,340.269,4.89359
1776,345.752,341.01,4.9442
1777,367.009,341.456,5.28094
1778,309.695,341.431,5.05548
1779,325.968,342.236,4.88696
1780,381.669,340.234,5.28609
1781,372.569,341.653,5.14697
1782,387.716,342.678,5.20605
1783,305.742,345.231,4.82935
1784,334.699,343.984,4.34318
1785,315.132,343.526,4.62361
1786,299.372,345.823,4.67386
1787,351.062,344.723,4.77719
1788,377.737,344.627,5.21202
1789,319.83,346.11,4.74452
1790,340.587,344.997,4.89699
1791,361.474,345.414,5.09678
1792,294.249,347.532,4.91958
1793,312.236,348.393,4.80219
1794,330.024,346.951,4.87561
1795,372.151,347.318,5.23792
1796,324.689,349.171,4.9538
1797,346.323,347.484,5.04113
1798,383.167,347.518,5.42184
1799,357.252,349.264,5.11812
1800,366.404,348.324,5.30632
1801,303.067,350.844,4.95145
1802,334.675,350.712,5.07441
1803,340.953,351.039,5.05991
1804,352.006,350.949,5.14238
1805,296.551,352.423,4.93571
1806,307.69,352.594,4.81067
1807,317.759,352.53,5.06766
1808,376.69,350.727,5.39141
1809,329.033,354.136,5.26071
1810,346.149,353.766,5.02622
1811,312.564,355.364,5.06776
1812,362.816,353.131,5.45745
1813,334.697,356.587,5.03903
1814,301.029,356.695,4.88449
1815,322.967,355.645,5.07742
1816,369.637,353.432,5.38032
1817,356.609,356.457,5.48098
1818,340.868,357.322,5.32318
1819,350.316,356.814,5.44275
1820,307.176,358.904,5.12544
1821,400.466,294.221,5.13338
1822,419.076,292.909,5.41747
1823,414.6,296.149,5.32037
1824,430.582,293.735,5.37577
1825,457.779,291.362,5.36652
1826,424.455,294.7,5.14676
1827,447.466,293.479,5.24807
1828,395.894,295.73,5.34901
1829,435.3,295.387,5.20553
1830,453.984,295.672,5.362
1831,405.144,296.651,5.19514
1832,419.368,297.805,4.96039
1833,409.935,298.667,5.11065
1834,428.611,299.007,5.16374
1835,444.569,298.174,5.21234
1836,439.226,298.053,5.14199
1837,460.348,296.835,5.29935
1838,449.785,299.263,5.27729
1839,399.772,299.424,5.07145
1840,423.39,300.039,5.24089
1841,434.146,300.417,5.27776
1842,394.766,301.754,5.02748
1843,415.433,301.502,5.18861
1844,455.833,300.443,5.25218
1845,410.522,303.702,5.26232
1846,441.029,302.493,5.34889
1847,390.819,306.367,4.79646
1848,420.229,304.162,5.27018
1849,398.81,304.733,5.34894
1850,404.517,306.071,5.02597
1851,431.53,304.854,5.22636
1852,436.567,305.525,5.26158
1853,415.03,306.988,5.16559
1854,404.805,301.632,5.36173
1855,456.24,305.672,5.22175
1856,425.271,308.256,5.21462
1857,451.392,304.262,5.29134
1858,419.491,309.232,5.23295
1859,409.327,308.316,5.30659
1860,400.923,309.749,5.0001
1861,394.898,309.31,5.23111
1862,442.69,307.593,5.3389
1863,450.774,309.23,5.26849
1864,438.452,310.374,5.16875
1865,411.91,311.796,4.94668
1866,398.628,314.246,4.51857
1867,405.844,312.638,5.33696
1868,445.296,312.167,5.20563
1869,416.376,313.749,5.31402
1870,393.36,315.067,5.10229
1871,421.793,314.172,5.38118
1872,427.401,313.558,5.33761
1873,437.736,314.237,5.25963
1874,451.183,313.911,5.25078
1875,432.643,315.53,5.20189
1876,404.007,317.567,4.83445
1877,410.808,316.608,5.11961
1878,425.255,318.201,5.1776
1879,442.145,317.115,5.2975
1880,447.41,318.292,5.25797
1881,398.768,320.214,4.95022
1882,416.474,319.538,5.28735
1883,452.647,319.024,5.27669
1884,392.894,321.846,4.90221
1885,431.011,320.141,5.34907
1886,426.856,323.671,5.01394
1887,410.268,321.415,5.31178
1888,437.048,320.511,5.37694
1889,404.415,323.447,4.9061
1890,457.743,320.064,5.21688
1891,443.069,322.225,5.32979
1892,398.757,325.532,4.9184
1893,415.496,325.208,5.27599
1894,433.352,325.846,5.37625
1895,409.848,326.682,5.23075
1896,439.259,326.064,5.13583
1897,393.568,328.444,4.80133
1898,421.562,327.053,5.29421
1899,428.414,329.17,5.38975
1900,445.791,326.773,5.43253
1901,398.823,331.528,5.24532
1902,404.669,329.449,5.41284
1903,441.253,330.494,5.31191
1904,417.88,331.257,5.22185
1905,411.129,331.815,5.16636
1906,424.374,333,5.24856
1907,435.598,331.429,5.42825
1908,393.208,334.577,5.3256
1909,404.752,335.067,5.06075
1910,430.945,334.519,5.34805
1911,415.189,335.882,5.25776
1912,398.951,337.534,5.19221
1913,420.769,337.256,5.37446
1914,410.413,338.437,5.45425
1915,404.966,340.744,5.2844
1916,393.341,340.268,5.33816
1917,416.501,341.518,5.4425
1918,399.749,342.996,5.23716
1919,389.832,347.851,5.34666
1920,395.151,345.693,5.37167
1921,477.348,291.315,5.47364
1922,462.916,292.734,5.26539
1923,484.142,286.744,5.36501
1924,467.417,291.442,5.4883
1925,423.559,198.877,5.429
1926,428.821,203.057,5.28796
1927,447.471,214.457,5.50014
1928,450.545,224.028,5.46157
1929,457.064,224.09,5.53522
1930,461.881,227.274,5.44038
1931,456.894,231.168,5.33227
1932,467.133,229.991,5.50323
1933,465.06,238.814,5.33328
1934,456.639,245.006,5.43146
1935,475.847,243.828,5.35458
1936,467.403,250.898,5.31321
1937,474.085,251.969,5.41298
1938,479.636,254.041,5.44313
1939,467.722,262.081,5.38043
1940,484.448,263.632,5.5049
1941,478.945,264.657,5.41194
1942,457.527,269.011,5.45984
1943,478.861,270.384,5.32697
1944,483.693,269.575,5.35873
1945,462.782,271.811,5.50749
1946,475.18,274.601,5.46602
1947,456.09,274.978,5.25484
1948,471.229,278.447,5.3824
1949,452.093,279.554,5.33748
1950,477.366,280.205,5.32853
1951,461.875,282.56,5.38413
1952,482.978,281.02,5.40154
1953,434.642,282.381,5.27656
1954,455.988,282.13,5.3603
1955,478.599,285.782,5.47456
1956,467.21,286.739,5.33955
1957,448.402,287.879,5.31393
1958,442.669,288.053,5.32655
1959,472.644,289.028,5.49413
1960,488.308,268.629,5.5212
1961,487.272,277.035,5.25517
1962,132.652,304.83,4.52633
1963,481.703,293.59,5.40941
1964,471.962,294.297,5.27587
1965,466.351,296.816,5.37805
1966,476.464,297.276,5.50903
1967,481.004,299.678,5.43587
1968,471.619,299.401,5.47641
1969,466.677,302.258,5.45896
1970,461.354,301.984,5.47334
1971,446.441,304.229,5.35143
1972,426.543,303.861,5.4627
1973,471.677,304.121,5.29167
1974,461.787,307.226,5.25043
1975,467.456,307.621,5.46643
1976,431.755,309.828,5.46867
1977,456.949,310.468,5.32035
1978,463.466,311.997,5.37287
1979,456.846,315.051,5.48918
1980,462.142,316.464,5.31257
1981,421.34,321.296,5.27621
1982,450.489,323.512,5.51242
1983,427.064,338.437,5.3819
1984,411.103,344.122,5.47892
1985,405.489,346.318,5.53289
1986,214.281,195.536,4.57791
1987,337.029,233.004,4.7695
1988,148.016,300.142,4.86432
1989,220.387,340.553,4.39068