Cell_ID,Cell Position X,Cell Position Y,Centroid,Fano factor,PV,NV
0,194.856,178.306,0,0,0,0
1,196.222,188.934,0,1,0,0.001369863
2,156.695,193.631,31,6.577956989,0.258474576,0.104452055
3,169.69,196.13,10,14.84469697,0.275,0.075342466
4,188.193,192.427,1,1.142857143,0,0.005870841
5,193.83,194.127,0,1,0,0.001141553
6,176.343,194.094,1,3.121212121,0.25,0.017123288
7,188.279,180.357,0,0,0,0
8,178.448,181.495,0,3,0.5,0.010273973
9,184.139,185.044,0,1.733333333,0,0.005707763
10,191.706,185.618,0,1,0,0.000978474
12,176.419,187.857,3,1.171428571,0.733333333,0.015068493
13,169.14,189.428,2,6.453125,0.375,0.04109589
15,182.456,191.289,1,0.8,0.266666667,0.005479452
16,163.768,193.116,16,12.13131313,0.36875,0.101027397
17,149.794,194.235,40,2.93287037,0.177966102,0.071917808
18,290.785,170.79,2,1.681818182,0.35,0.011986301
19,290.483,177.829,3,3.014492754,0.296296296,0.01826484
20,293.681,183.556,9,6,0.371428571,0.050880626
21,294.17,191.351,19,4.892436975,0.492857143,0.067514677
22,219.729,197.23,0,1,0,0.001369863
23,225.413,196.456,0,2,0,0.002739726
24,235.971,192.944,0,2,0,0.002283105
25,241.754,195.497,0,0,0,0
26,249.94,196.753,0,1,0,0.000978474
27,257.282,194.559,0,0,0,0
28,268.572,194.628,0,0,0,0
29,282.177,194.405,0,1.16,0,0.006849315
30,285.55,198.726,1,1.454545455,0.333333333,0.00913242
31,291.033,196.521,4,7.307692308,0.284210526,0.036986301
33,273.589,169.656,0,1,0,0.001712329
34,280.225,167.85,0,1,0,0.002283105
35,240.484,168.706,0,0,0,0
36,246.569,168.927,0,0,0,0
37,260.13,171.338,0,0,0,0
38,231.395,171.199,0,0,0,0
39,266.991,171.141,0,0,0,0
40,252.144,171.812,0,0,0,0
41,284.738,172.429,0,1.6,0.4,0.008219178
42,224.475,173.581,0,0,0,0
43,236.519,174.483,0,0,0,0
44,216.908,174.05,0,0,0,0
45,243.634,174.694,0,0,0,0
46,278.308,174.939,1,1,0,0.006849315
47,271.626,175.813,0,1,0,0.001141553
48,210.45,174.787,0,0,0,0
49,249.858,178.034,0,0,0,0
50,264.41,176.993,0,1,0,0.001141553
51,201.04,176.42,0,0,0,0
52,257.209,177.197,0,1,0,0.001141553
53,229.578,178.825,0,0,0,0
54,283.918,178.095,0,2.3,0.4,0.010958904
55,206.515,179.289,0,0,0,0
56,221.624,179.256,0,0,0,0
57,213.585,181.204,0,0,0,0
58,242.588,180.95,0,0,0,0
59,236.031,181.474,0,0,0,0
60,274.524,181.029,0,1,0,0.001141553
61,261.891,183.036,1,1,0,0.006849315
62,200.052,183.699,0,0,0,0
63,254.218,183.039,0,1,0,0.001141553
64,268.448,182.492,0,1,0,0.001141553
65,280.674,182.612,0,2.333333333,0.291666667,0.007990868
66,287.497,184.523,4,8.347985348,0.248120301,0.032289628
67,248.106,184.898,0,0,0,0
68,219.371,184.561,0,0,0,0
69,225.899,185.936,0,2,0,0.002283105
70,232.419,186.197,0,2,0,0.002283105
71,207.359,185.894,0,0,0,0
72,240.225,187.488,0,0,0,0
73,276.838,187.218,0,2,0,0.002739726
74,270.962,188.223,0,0,0,0
75,258.045,188.284,0,1,0,0.001369863
76,214.242,188.437,0,0,0,0
77,264.138,189.88,0,1,0,0.000978474
78,282.644,188.73,2,2.166666667,0.416666667,0.011415525
79,201.779,191.449,0,0,0,0
80,221.072,190.715,0,0,0,0
81,245.746,191.007,0,0,0,0
82,251.948,190.607,0,0,0,0
83,288.004,191.32,2,7.606271777,0.233082707,0.030332681
84,208.77,192.802,0,2,0,0.002283105
85,230.225,192.264,2,2,0,0.01369863
86,276.04,193.747,0,2,0,0.001956947
87,296.175,198.666,10,5.458553792,0.364285714,0.049902153
88,300.526,193.587,17,1.20610687,0.166666667,0.029680365
89,306.517,195.432,26,7.14084507,0.219298246,0.085616438
90,325.941,196.248,86,10.46722689,0.209223847,0.181996086
91,331.878,197.229,87,2.797005724,0.192307692,0.171232877
92,343.602,191.746,116,1.56754496,0.092875318,0.083333333
93,348.892,193.712,108,2.001745201,0.106870229,0.095890411
94,354.594,195.151,99,1.317481286,0.105691057,0.089041096
95,361.191,195.843,97,3.028189911,0.12704918,0.106164384
96,368.208,197.672,84,2.145061728,0.127147766,0.084474886
97,380.589,198.066,40,8.542920847,0.293010753,0.124429224
98,336.764,191.766,108,1.863293387,0.091025641,0.081050228
99,374.311,196.984,60,4.97369863,0.192857143,0.110958904
100,297.156,167.485,1,1.619047619,0.555555556,0.02283105
101,306.149,169.532,11,15.67313916,0.511111111,0.157534247
102,316.968,170.215,31,5.68,0.378109453,0.173515982
103,300.867,171.936,6,18.13023256,0.275555556,0.084931507
104,323.23,172.089,67,4.784864865,0.157142857,0.090410959
105,311.364,173.81,41,7.298305085,0.229508197,0.095890411
106,330.259,172.992,64,1.980769231,0.186170213,0.119863014
107,295.649,174.733,5,5.393939394,0.25,0.030821918
108,305.374,176.53,45,10.07142857,0.436170213,0.140410959
109,336.909,174.921,81,7.363557484,0.194117647,0.135616438
110,342.801,172.366,36,7.217391304,0.523809524,0.301369863
111,316.321,176.937,61,4.857843137,0.256218905,0.117579909
112,348.879,175.472,75,8.639030612,0.228365385,0.162671233
114,299.309,179.454,18,10.8956743,0.27037037,0.083333333
115,326.844,177.561,84,6.455060729,0.173770492,0.145205479
116,360.853,176.773,63,9.155632985,0.240384615,0.171232877
117,321.248,179.08,63,10.90188172,0.170765027,0.142694064
118,332.113,180.287,94,3.595943838,0.121584699,0.101598174
119,343.903,179.056,84,7.06185567,0.171171171,0.130136986
120,310.651,180.415,47,3.46171967,0.202185792,0.084474886
121,337.871,181.2,102,1.317314488,0.115315315,0.087671233
122,368.09,178.818,43,4.877581121,0.336956522,0.212328767
123,355.335,182.1,104,4.398089172,0.18579235,0.155251142
124,304.904,183.115,28,4.242496999,0.20668693,0.066536204
125,315.614,183.868,30,5.678293135,0.308488613,0.145792564
126,348.237,184.264,93,2.030755232,0.116995074,0.09295499
127,362.322,182.893,77,8.341998845,0.18579235,0.155251142
129,326.946,184.654,122,5.072764645,0.329039813,0.274951076
130,374.158,184.098,64,6.513803681,0.217391304,0.136986301
131,368.297,184.659,92,3.883526682,0.263043478,0.165753425
132,320.684,185.967,69,13.4950495,0.190163934,0.15890411
133,299.265,186.825,20,1.666666667,0.154761905,0.029680365
134,341.481,185.908,111,1.280131827,0.113505747,0.090182648
135,334.046,186.628,94,0.927083333,0.106557377,0.089041096
136,310.679,188.144,31,4.391836735,0.18877551,0.072407045
137,352.65,188.118,94,1.129032258,0.095081967,0.079452055
138,386.348,186.299,18,10.72,0.305555556,0.100456621
139,379.353,190.298,48,10.15915916,0.255274262,0.138127854
140,358.822,188.929,122,2.639760837,0.25273224,0.211187215
141,305.005,189.36,19,1.340425532,0.2,0.042465753
142,365.242,190.242,76,2.972886762,0.129781421,0.108447489
143,372.073,190.834,79,3.230616302,0.155797101,0.098173516
144,316.599,191.997,56,7.164847162,0.215116279,0.126712329
145,322.803,191.103,64,10.43707796,0.214480874,0.179223744
146,329.483,191.122,105,3.687187187,0.148907104,0.124429224
147,385.473,193.245,24,11.13291139,0.3125,0.102739726
148,311.787,195.624,43,3.89561753,0.214035088,0.083561644
149,390.92,196.83,7,3.875,0.270833333,0.044520548
150,396.106,193.373,10,2.291428571,0.5,0.034246575
151,407.578,196.104,0,1.6,0.4,0.008219178
152,400.058,188.155,3,3.8,0.4,0.02739726
153,391.516,189.738,10,3.565217391,0.260416667,0.042808219
154,402.247,193.942,2,3.285714286,0.26,0.017808219
155,412.15,192.505,0,0,0,0
156,100.554,229.925,43,5.118101545,0.141203704,0.069634703
157,96.4987,240.079,36,4.244080146,0.246753247,0.130136986
158,98.3849,245.018,47,5.367955801,0.251851852,0.139726027
159,97.2214,254.919,96,4.826388889,0.333333333,0.219178082
160,94.9318,259.983,43,3.946554149,0.300347222,0.197488584
161,98.217,271.823,80,3.475587703,0.296428571,0.162426614
162,97.8104,277.462,40,11.47602339,0.210416667,0.115296804
163,98.2482,282.912,15,13.04,0.37,0.101369863
164,77.0024,290.782,22,7.068728522,0.317829457,0.093607306
165,82.7545,291.081,13,10.68985507,0.268292683,0.075342466
166,91.6378,293.199,2,9.302325581,0.308333333,0.042237443
167,94.3599,226.531,32,2.47311828,0.201550388,0.059360731
168,91.4167,232.217,25,2.819444444,0.280612245,0.094178082
169,96.6277,234.625,44,1.806639004,0.134693878,0.045205479
170,84.3475,237.377,30,5.780861244,0.240740741,0.089041096
171,90.7575,237.668,49,5.209554832,0.207729469,0.098173516
172,87.4241,242.823,54,7.6,0.249275362,0.117808219
173,77.92,239.588,34,2.746666667,0.352941176,0.082191781
174,92.4278,244.849,69,1.91011236,0.306763285,0.144977169
175,81.5527,244.424,17,5.656903766,0.37037037,0.136986301
176,74.9107,246.168,19,3.122047244,0.25,0.061643836
177,86.4012,248.757,49,6.162464986,0.213279678,0.1037182
178,79.1148,250.22,36,8.229333333,0.277777778,0.114155251
179,94.2171,249.718,52,5.027240143,0.203125,0.133561644
180,73.5394,252.611,21,4.821052632,0.283333333,0.093150685
181,83.3387,253.939,60,2.420552677,0.14084507,0.068493151
182,90.41,254.36,71,5.071925754,0.201388889,0.132420091
183,67.4323,255.718,23,4.24691358,0.186046512,0.054794521
184,77.5582,257.063,48,4.790958409,0.217582418,0.096868885
185,86.7273,258.911,60,1.58251634,0.107981221,0.052511416
186,71.3174,259.502,43,7.432432432,0.246153846,0.109589041
187,81.4209,262.032,62,0.576979258,0.06092437,0.028375734
188,64.5902,262.112,21,3.052631579,0.273255814,0.080479452
189,75.1689,263.942,65,4.099530516,0.259803922,0.121004566
190,90.0873,263.579,64,0.921138211,0.098958333,0.043378995
191,69.2079,266.074,38,5.482164822,0.192307692,0.085616438
192,85.424,267.375,62,0.911977716,0.085294118,0.039726027
193,96.6238,265.63,63,2.481236203,0.1375,0.075342466
194,79.3701,268.624,68,3.324584427,0.232843137,0.108447489
195,63.4588,268.287,27,4.1875,0.233695652,0.073630137
196,91.492,270.067,56,2.43349359,0.1375,0.075342466
197,73.0373,270.723,31,3.732352941,0.301470588,0.140410959
198,67.433,272.941,46,2.679063361,0.289855072,0.091324201
199,78.2948,274.281,46,3.323489933,0.152941176,0.071232877
200,85.4246,273.72,47,1.335064935,0.151260504,0.070450098
201,60.2623,273.668,20,3.871391076,0.34057971,0.107305936
202,91.5354,276.123,44,3.943067034,0.152083333,0.083333333
203,72.1861,277.135,46,2.299888517,0.141666667,0.058219178
204,65.0189,278.436,34,3.421359223,0.217391304,0.068493151
205,77.8199,279.918,60,1.349544073,0.247619048,0.101761252
206,84.682,280.036,57,3.954545455,0.269444444,0.110730594
207,90.7964,281.912,39,9.291187739,0.258145363,0.100782779
208,70.0093,283.019,36,3.087412587,0.172222222,0.070776256
209,63.7718,283.783,24,1.798053528,0.317829457,0.093607306
210,75.7805,285.207,43,3.697142857,0.156666667,0.064383562
211,82.3104,285.455,41,8.038256659,0.254761905,0.104696673
212,95.3013,288.064,5,16.33333333,0.294871795,0.078767123
213,88.5335,287.872,20,16.96233522,0.342105263,0.133561644
214,70.6921,289.445,43,3.948387097,0.334883721,0.098630137
215,196.855,204.357,0,1,0,0.001141553
216,194.373,210.998,0,1.733333333,0,0.005707763
217,195.845,222.452,0,1,0,0.001141553
218,195.728,228.849,0,0,0,0
219,195.083,234.938,0,0,0,0
220,198.594,239.567,0,0,0,0
221,192.668,241.239,0,0,0,0
222,194.17,248.198,0,0,0,0
223,194.365,253.212,0,0,0,0
224,195.829,258.957,0,0,0,0
225,194.509,264.045,0,0,0,0
226,195.041,272.907,0,0,0,0
227,195.495,279.166,0,2,0,0.001956947
228,193.74,284.733,2,2,0,0.01369863
229,193.734,290.401,0,2,0,0.002283105
230,98.4137,294.089,0,2.285714286,0.342857143,0.011741683
231,107.226,290.288,2,2.259259259,0.458333333,0.012557078
232,121.758,291.319,0,3.133333333,0,0.005707763
233,127.649,293.793,1,0.833333333,0,0.005707763
234,133.451,291.315,0,0.833333333,0,0.002283105
235,151.958,293.57,0,2.064935065,0.392857143,0.010763209
236,163.348,294.4,4,2.736434109,0.188888889,0.019406393
237,168.277,291.448,7,3.4,0.28,0.028767123
238,176.117,293.909,3,6.471264368,0.244444444,0.025114155
239,181.154,293.446,0,1.64,0,0.006849315
240,186.052,294.099,0,1,0,0.001141553
241,114.945,290.789,0,2.533333333,0.416666667,0.011415525
242,144.02,197.023,36,0.825396825,0.16,0.054794521
243,153.408,199.139,59,2.015053763,0.290960452,0.117579909
244,183.086,198.238,2,1.428571429,0.285714286,0.009784736
245,161.767,198.84,40,9.852589641,0.312348668,0.126223092
246,190.582,199.682,0,2.650793651,0.257142857,0.008806262
247,174.552,200.571,3,6.314814815,0.260416667,0.028538813
248,147.342,202.449,50,1.965699208,0.149769585,0.063600783
249,140.55,201.969,42,1.588416988,0.160784314,0.056164384
250,134.937,201.334,31,2.123809524,0.320754717,0.116438356
251,168.258,202.704,16,10.67768595,0.304166667,0.083333333
252,157.864,203.7,51,3.492307692,0.254237288,0.102739726
253,179.485,203.883,1,0.92,0.36,0.012328767
254,129.379,205.405,53,5.18627451,0.184210526,0.095890411
255,184.843,205.208,5,1.512820513,0.733333333,0.025114155
256,152.686,206.129,39,3.024742268,0.241935484,0.102739726
257,163.065,206.204,28,5.264516129,0.219607843,0.076712329
258,190.256,206.287,1,2.866666667,0.36,0.012328767
259,135.776,207.446,49,3.679775281,0.138157895,0.071917808
260,173.689,207.342,3,9.285714286,0.285714286,0.04109589
261,142.224,207.977,51,3.363095238,0.117063492,0.067351598
262,148.571,209.633,62,5.307529909,0.227891156,0.13111546
263,124.446,209.804,46,6.211803279,0.207894737,0.108219178
264,167.676,209.797,21,6.399078341,0.299107143,0.06555773
265,157.857,210.196,30,4.687119438,0.200460829,0.085127202
266,179.811,210.435,1,0.75,0.433333333,0.014840183
267,130.364,212.518,76,1.505445227,0.304511278,0.15851272
268,186.585,212.026,3,1.285714286,0.342857143,0.011741683
269,118.299,207.937,21,6.77324263,0.388888889,0.143835616
270,136.467,213.573,54,3.161137441,0.123015873,0.070776256
271,142.924,214.017,84,2.505555556,0.333333333,0.191780822
272,173.73,213.726,4,9.958333333,0.317460317,0.0456621
273,119.291,214.226,54,7.674897119,0.220779221,0.116438356
274,113.477,212.797,26,6.102339181,0.24537037,0.090753425
275,124.543,216.219,55,2.580434783,0.150649351,0.079452055
276,161.023,215.481,32,2.727710843,0.219047619,0.063013699
277,148.923,215.661,48,4.483443709,0.220238095,0.126712329
278,154.199,215.48,42,3.648549394,0.20995671,0.094911937
279,167.319,215.773,21,6.237288136,0.265625,0.058219178
280,192.475,216.528,1,1.722222222,0,0.007990868
281,108.854,214.809,25,3.300632911,0.216666667,0.066780822
282,179.744,217.042,3,0.714285714,0.25,0.006849315
283,128.823,219.302,60,2.008166295,0.145021645,0.076484018
284,185.447,218.009,2,1.111111111,0.444444444,0.00913242
285,115.555,219.116,45,13.13443831,0.236842105,0.154109589
286,133.329,220.294,53,1.960522579,0.146567718,0.077299413
287,138.404,219.994,55,2.291304348,0.160714286,0.092465753
288,103.534,218.084,22,2.459459459,0.191666667,0.052511416
289,145.669,220.286,66,3.378144654,0.166666667,0.095890411
290,173.868,220.166,3,6.867816092,0.293650794,0.042237443
291,109.026,221.404,40,15.22222222,0.196491228,0.127853881
292,121.392,221.631,77,2.007672634,0.32034632,0.168949772
293,155.871,221.162,51,4.799086758,0.215517241,0.085616438
294,162.573,222.006,20,5.863636364,0.281045752,0.098173516
295,168.099,221.737,17,6.248484848,0.290322581,0.061643836
296,189.808,221.622,0,1.4,0,0.004109589
297,101.704,223.973,24,2.623529412,0.297674419,0.087671233
298,126.779,225.331,53,2.459377373,0.173160173,0.091324201
299,150.213,224.479,58,1.644444444,0.124748491,0.060665362
300,178.589,224.406,3,1.942857143,0.244897959,0.011741683
301,184.455,224.422,0,2,0.380952381,0.007827789
302,114.09,225.037,95,7.908978328,0.52,0.338356164
303,142.272,224.995,71,1.444210526,0.150649351,0.079452055
304,131.355,227.916,75,2.6760527,0.133640553,0.085127202
305,172.492,226.337,7,10.543379,0.268817204,0.057077626
306,106.882,227.235,43,10.51531532,0.198245614,0.128995434
307,137.274,227.253,77,1.549107143,0.192949907,0.101761252
308,157.687,226.82,48,5.450331126,0.234972678,0.098173516
309,190.781,226.802,0,0,0,0
310,119.95,227.562,47,4.797101449,0.270175439,0.175799087
311,165.602,227.79,31,7.64321608,0.270833333,0.089041096
312,145.459,229.423,53,1.271659325,0.17965368,0.094748858
313,151.945,229.823,61,3.001709402,0.150900901,0.076484018
314,183.463,229.682,0,2.12,0,0.006849315
315,113.419,230.157,53,5.75945753,0.224561404,0.146118721
316,124.995,231.188,74,3.895705521,0.159498208,0.101598174
317,178.026,231.025,2,4.924242424,0.333333333,0.02283105
318,189.184,231.588,0,0,0,0
319,135.545,232.274,68,1.954446855,0.148387097,0.094520548
320,160.259,231.906,33,4.435307018,0.203703704,0.087899543
321,107.234,232.416,72,3.258178603,0.294520548,0.147260274
322,171.801,232.113,10,14.51685393,0.348484848,0.078767123
323,141.637,233.202,60,2.025587828,0.143939394,0.086757991
324,118.988,233.671,84,2.548717949,0.263888889,0.151826484
325,154.546,235.354,63,4.911357341,0.22972973,0.116438356
326,165.89,233.946,33,5.704980843,0.29047619,0.069634703
327,129.84,235.262,93,1.521712538,0.189964158,0.121004566
328,148.242,234.937,74,0.716394716,0.20045045,0.101598174
329,101.642,236.688,44,4.79086758,0.162337662,0.085616438
330,113.072,235.859,73,2.331896552,0.136904762,0.078767123
331,183.213,235.559,0,2,0,0.002283105
332,189.336,236.384,0,0,0,0
333,123.875,237.755,63,1.976843388,0.197132616,0.125570776
334,177.031,236.852,0,5.49122807,0.316666667,0.021689498
335,159.963,237.828,35,3.850574713,0.126984127,0.054794521
336,135.617,237.965,88,2.448741559,0.14874552,0.094748858
337,142.501,238.41,62,2.377070908,0.160984848,0.097031963
338,107.33,238.206,49,3.105426357,0.267532468,0.14109589
339,171.312,238.112,6,14.6375,0.323232323,0.073059361
340,118.004,240.21,61,2.076612903,0.153409091,0.092465753
341,165.411,239.658,26,8.676470588,0.365714286,0.087671233
342,148.404,240.295,56,2.406542056,0.155555556,0.079908676
343,129.256,241.445,84,0.972445952,0.067588326,0.043052838
344,186.686,241.331,0,0,0,0
345,111.936,242.279,72,1.740074906,0.153679654,0.081050228
346,155.809,241.49,39,4.009463722,0.206349206,0.089041096
347,181.037,241.568,0,1,0,0.001369863
348,104.312,243.069,77,4.84729064,0.282186949,0.156555773
349,174.956,242.87,1,3,0.333333333,0.01369863
350,137.391,242.901,88,1.264972777,0.123106061,0.074200913
351,168.649,243.741,4,13.28235294,0.290178571,0.063600783
352,122.748,244.314,88,2.474885845,0.198863636,0.119863014
353,143.71,244.157,75,1.79535865,0.145833333,0.087899543
354,151.149,244.643,59,3.783902012,0.164444444,0.084474886
355,161.592,244.375,32,9.043478261,0.344322344,0.091976517
356,116.645,246.204,55,2.948666667,0.208333333,0.131278539
357,132.966,246.431,84,0.844094488,0.066666667,0.043835616
358,189.387,246.327,0,0,0,0
359,109.636,247.361,58,2.277449047,0.19384058,0.122146119
360,184.308,247.719,0,0,0,0
361,126.918,248.203,86,0.54339414,0.057291667,0.037671233
362,156.998,247.783,33,7.538562092,0.237288136,0.095890411
363,138.744,248.863,70,3.094266278,0.145833333,0.095890411
364,101.771,249.541,81,4.021836359,0.200892857,0.132093933
365,174.461,248.694,1,1.878787879,0.333333333,0.00913242
366,163.381,249.591,11,13.66245259,0.393939394,0.089041096
367,168.467,248.19,4,17.11949686,0.234375,0.051369863
368,146.121,249.083,64,2.649717514,0.153333333,0.078767123
369,120.407,250.64,74,2.103508772,0.163043478,0.102739726
370,152.305,250.436,55,6.364653244,0.294270833,0.128995434
371,113.875,252.397,92,2.280936455,0.214285714,0.135029354
372,107.625,252.513,72,2.278181818,0.130434783,0.082191781
373,131.45,252.202,96,5.254119138,0.253472222,0.166666667
374,180.977,252.655,0,1,0,0.001141553
375,158.912,253.1,26,12.5060241,0.266666667,0.100456621
376,188.159,252.277,0,0,0,0
377,169.788,253.144,1,5.066666667,0.227272727,0.017123288
378,142.246,253.291,53,5.25631068,0.214285714,0.102739726
379,175.686,254.182,0,2,0.291666667,0.007990868
380,124.683,255.252,91,4.425298106,0.188988095,0.124266145
381,148.067,255.003,37,8.385570951,0.265625,0.116438356
382,136.471,255.153,58,8.252873563,0.184027778,0.121004566
383,103.085,255.992,60,1.79049676,0.214583333,0.14109589
384,164.793,255.199,2,10.3,0.320512821,0.057077626
385,118.082,256.625,84,0.545868946,0.067028986,0.042237443
386,154.178,256.263,24,8.159574468,0.218181818,0.082191781
387,109.061,258.174,77,1.952674444,0.108910891,0.075342466
388,130.213,257.705,41,7.563527653,0.276041667,0.181506849
389,184.633,257.923,0,2,0,0.002283105
390,190.314,258.213,0,0,0,0
391,141.917,258.337,27,11.34729934,0.316159251,0.132093933
392,178.65,258.443,0,1.444444444,0,0.003424658
393,159.975,258.748,15,5.784511785,0.294871795,0.052511416
394,171.587,258.534,1,1.542857143,0.285714286,0.007827789
395,135.744,261.037,61,11.70133333,0.483606557,0.202054795
396,150.261,260.056,18,4.785388128,0.243243243,0.061643836
397,101.744,261.301,77,4.90995376,0.162659123,0.112524462
398,113.992,261.657,86,2.073563218,0.105610561,0.073059361
399,165.949,260.491,4,5.748148148,0.344444444,0.035388128
400,124.894,261.695,58,6.745549738,0.224175824,0.139726027
401,119.735,262.502,81,2.34152489,0.135531136,0.084474886
402,144.843,262.645,21,7.672043011,0.301801802,0.076484018
403,156.163,263.134,13,3.078911565,0.232142857,0.03816047
404,175.554,263.442,0,1,0.583333333,0.007990868
405,187.993,263.411,0,1.444444444,0,0.003424658
406,129.395,263.958,41,7.372307692,0.223809524,0.107305936
407,108.456,264.134,101,2.268142681,0.272277228,0.188356164
408,162.307,264.152,15,3.114583333,0.455555556,0.046803653
409,169.801,264.169,2,6.122222222,0.244444444,0.025114155
410,181.661,263.076,2,1.444444444,0,0.012557078
411,139.705,265.413,8,18.79487179,0.259562842,0.108447489
412,150.405,265.422,6,4.981481481,0.317460317,0.0456621
413,102.609,267.033,70,2.215550756,0.112871287,0.078082192
414,133.918,267.892,14,18.31284916,0.325136612,0.135844749
415,166.503,268.883,6,3.688311688,0.266666667,0.02739726
416,114.984,267.985,59,5.826512679,0.213578501,0.147749511
417,121.959,267.995,70,5.737532808,0.269547325,0.149543379
418,172.215,269.021,2,2.58974359,0.305555556,0.012557078
419,184.979,267.913,1,1.083333333,0,0.005707763
420,144.436,268.76,7,6.571428571,0.238095238,0.034246575
421,154.229,269.252,5,2.139393939,0.333333333,0.029680365
422,160.384,268.935,9,2.348958333,0.3,0.030821918
423,178.863,268.232,0,0.944444444,0,0.006849315
424,190.943,268.886,0,1,0,0.000978474
425,127.189,270.168,40,17.08962264,0.30952381,0.148401826
426,107.806,270.305,72,3.786239145,0.130363036,0.090182648
427,148.845,271.826,2,1.688888889,0.476190476,0.02283105
428,138.808,271.732,5,3.442028986,0.321428571,0.030821918
429,181.078,273.959,1,0.833333333,0,0.005707763
430,186.244,272.744,0,0.8,0,0.002739726
431,120.021,273.652,32,22.39949875,0.385714286,0.184931507
432,132.462,273.881,10,17.26754386,0.258333333,0.070776256
433,176.027,273.225,0,1.333333333,0.388888889,0.007990868
434,113.072,273.663,68,13.88925081,0.409722222,0.202054795
435,158.166,274.191,13,2.573643411,0.615384615,0.054794521
436,163.915,274.078,3,2.869918699,0.307692308,0.02739726
437,104.883,275.278,49,13.03091787,0.3,0.164383562
438,152.546,274.837,7,3.533333333,0.333333333,0.029680365
439,170.064,274.651,3,2.170068027,0.357142857,0.014677104
440,126.543,276.246,5,21.25468165,0.333333333,0.091324201
441,144.224,275.098,0,2.43956044,0.530612245,0.025440313
442,190.568,275.503,0,0,0,0
443,138.106,277.347,2,5.425925926,0.3,0.020547945
444,184.998,278.261,0,1,0,0.001141553
445,175.521,278.209,1,2.2,0,0.008219178
446,116.304,279.461,9,29.01946472,0.264705882,0.123287671
447,154.375,279.717,5,4.21875,0.294871795,0.026255708
448,110.263,279.462,18,22.9686747,0.305882353,0.142465753
449,133.16,279.58,0,5.425925926,0.3,0.020547945
450,160.163,279.463,1,4,0.346153846,0.030821918
451,165.616,279.23,6,1.333333333,0.611111111,0.025114155
452,149.047,279.973,3,2.628571429,0.326530612,0.015655577
453,122.097,281.104,2,17.13461538,0.239583333,0.052511416
454,179.847,281.41,0,0.75,0,0.002568493
455,142.983,280.46,0,1.6,0.4,0.008219178
456,170.698,280.387,0,2.476923077,0.433333333,0.017808219
457,104.533,281.423,18,14.38095238,0.289115646,0.097031963
458,189.862,281.213,0,2,0,0.002283105
459,128.21,282.138,0,3.571428571,0.28,0.009589041
460,138.514,283.939,1,1.444444444,0,0.006849315
461,174.559,284.102,0,1.583333333,0.444444444,0.00913242
462,184.793,283.674,0,0,0,0
463,162.445,284.371,4,1.694736842,0.366666667,0.015068493
464,145.547,285.226,0,2,0.388888889,0.007990868
465,157.004,284.605,0,1.222222222,0.7,0.023972603
466,110.877,285.147,4,6.965517241,0.317460317,0.039138943
467,118.402,285.879,4,4.01754386,0.351851852,0.021689498
468,168.352,285.418,3,1.87755102,0.326530612,0.015655577
469,133.32,286.187,0,1,0,0.001141553
470,151.947,286.509,3,2.244897959,0.4,0.01369863
471,178.413,287.828,1,2,0.444444444,0.00913242
472,126.438,287.402,0,2.428571429,0,0.006849315
473,183.849,288.5,0,1,0,0.001141553
474,102.417,287.526,3,7.948328267,0.293650794,0.036203523
475,189.024,287.741,0,2,0,0.002283105
476,163.537,288.992,5,1.230769231,0.30952381,0.014840183
477,172.757,289.557,3,5.677083333,0.233333333,0.023972603
478,140.165,289.629,0,1,0,0.000978474
479,147.238,290.051,0,3,0,0.004109589
480,157.524,289.999,3,1.438596491,0.333333333,0.011415525
481,293.43,206.078,4,1.270967742,0.18,0.012328767
482,291.389,214.567,4,3.857142857,0.232142857,0.025440313
483,290.285,219.943,6,2.5,0.4,0.024657534
484,294.243,227.797,4,4.913746631,0.277777778,0.034246575
485,291.304,236.359,2,1.777777778,0.30952381,0.014840183
486,287.78,251.216,0,1.083333333,0,0.00456621
487,291.831,254.174,2,2.333333333,0.36,0.012328767
488,293.379,258.791,1,7.666666667,0.239583333,0.026255708
489,293.31,266.627,2,2.176470588,0.261904762,0.012557078
490,292.309,271.309,1,1,0.277777778,0.005707763
491,291.757,276.413,0,0.485714286,0.7,0.009589041
492,294.02,281.113,2,2.4375,0.333333333,0.01369863
493,290.617,285.101,0,1.333333333,0.466666667,0.015981735
494,294.269,288.954,3,5.049382716,0.256410256,0.02283105
495,204.174,294.129,1,1,0,0.006849315
496,208.533,290.509,0,1,0,0.001369863
497,212.407,294.144,0,1,0,0.000856164
498,218.876,292.583,0,0,0,0
499,225.192,290.447,0,1,0,0.001141553
500,235.577,291.36,0,0,0,0
501,241.295,290.181,0,0,0,0
502,245.304,294.241,0,0,0,0
503,257.82,292.096,1,0.857142857,0,0.005870841
504,263.486,293.548,0,1,0,0.001141553
505,268.88,293.677,0,0,0,0
506,291.749,293.45,1,1.36,0.3,0.008219178
507,294.717,233.201,7,2.252252252,0.366666667,0.025114155
508,293.467,249.314,1,1.142857143,0.285714286,0.009784736
509,204.457,197.907,0,2,0,0.002739726
510,198.354,198.256,0,0,0,0
511,262.278,197.938,0,0,0,0
512,230.898,199.219,0,2,0,0.001956947
513,273.496,198.769,0,0,0,0
514,237.088,199.909,0,0,0,0
515,279.433,200.627,0,0.857142857,0,0.001956947
516,256.689,200.648,0,1,0,0.001141553
517,209.207,201.382,2,1.083333333,0,0.011415525
518,244.567,200.839,0,0.833333333,0,0.002283105
519,267.455,200.962,0,0,0,0
520,215.433,202.592,1,1.083333333,0,0.005707763
521,222.389,203.083,0,1,0,0.000978474
522,289.628,202.832,3,2.37037037,0.233333333,0.015981735
523,250.555,203.498,1,0.833333333,0,0.005707763
524,228.364,204.667,0,0,0,0
525,203.612,204.928,0,1.476190476,0,0.002935421
526,262.552,205.661,0,0,0,0
527,274.762,204.258,0,1,0,0.000978474
528,283.952,205.302,1,2.142857143,0.321428571,0.008806262
529,234.521,206.34,0,1,0,0.000978474
530,240.144,205.355,0,0.8,0,0.002739726
531,256.351,206.287,0,1,0,0.001141553
532,269.112,206.348,0,0,0,0
533,245.247,207.621,1,0.666666667,0,0.00456621
534,279.627,208.501,0,1,0,0.001141553
535,209.323,208.271,1,1.083333333,0,0.005707763
536,216.966,208.065,0,0.833333333,0,0.002283105
537,288.869,209.327,4,1.318181818,0.277777778,0.011415525
538,223.533,209.197,0,0,0,0
539,200.512,210.097,0,0,0,0
540,250.603,209.688,0,0.8,0,0.002739726
541,273.558,210.547,0,0,0,0
542,229.846,210.595,0,0,0,0
543,267.612,211.863,0,0,0,0
544,240.311,211.451,1,0.833333333,0,0.005707763
545,258.181,211.289,0,0,0,0
546,213,212.911,0,1,0,0.001141553
547,205.229,213.482,0,1,0,0.000978474
548,262.672,213.159,0,0,0,0
549,283.686,212.632,0,1.923076923,0.464285714,0.012720157
550,252.894,214.268,0,0,0,0
551,218.933,214.012,0,0,0,0
552,235.198,213.956,0,1,0,0.001141553
553,277.154,214.35,0,2.285714286,0,0.003913894
554,246.476,214.632,0,0.857142857,0,0.001956947
555,224.252,215.228,0,0,0,0
556,209.66,217.789,0,0,0,0
557,199.259,216.743,0,1,0,0.000978474
558,230.106,216.76,0,0,0,0
559,240.469,217.386,0,1,0,0.001141553
560,271.264,216.808,0,3,0,0.003424658
561,285.652,217.187,3,2.833333333,0.416666667,0.017123288
562,258.17,217.546,0,0,0,0
563,265.626,218.097,0,3,0,0.003424658
564,215.188,218.435,0,0,0,0
565,280.187,218.759,1,2.25,0,0.007990868
566,204.58,220.128,0,0,0,0
567,220.064,220.81,0,0,0,0
568,250.711,219.773,0,0,0,0
569,226.061,220.657,0,0,0,0
570,234.674,220.313,0,0,0,0
571,245.268,220.543,0,0,0,0
572,274.535,220.383,0,2.25,0,0.00456621
573,261.566,222.385,0,3,0,0.003424658
574,268.386,223.007,3,3,0,0.020547945
575,255.441,222.967,0,0,0,0
576,285.069,222.781,0,2.41025641,0.361111111,0.014840183
577,240.421,223.509,0,0,0,0
578,201.567,225.023,0,0,0,0
579,207.853,224.743,0,0,0,0
580,214.294,223.781,0,0,0,0
581,229.602,224.878,0,0,0,0
582,279.055,224.355,0,0.714285714,0,0.002935421
583,250.541,225.826,0,0,0,0
584,223.548,225.701,0,0,0,0
585,235.243,225.509,0,0,0,0
586,289.827,225.717,2,3.217391304,0.314814815,0.019406393
587,245.297,226.488,0,0,0,0
588,273.443,226.17,0,2.25,0,0.00456621
589,257.054,228.443,0,0,0,0
590,263.104,226.937,0,3,0,0.004109589
591,218.064,228.188,0,0,0,0
592,284.16,227.807,1,0.8,0,0.00456621
593,211.956,229.133,0,0,0,0
594,268.025,228.921,0,3,0,0.003424658
595,232.868,230.125,0,0,0,0
596,239.317,229.893,0,0,0,0
597,278.6,229.717,1,0.833333333,0,0.005707763
598,200.531,231.297,0,0,0,0
599,206.513,230.53,0,0,0,0
600,227.141,230,0,0,0,0
601,221.653,232.04,0,0,0,0
602,250.75,231.285,0,0,0,0
603,262.054,232.107,0,0,0,0
604,244.886,231.762,0,0,0,0
605,272.667,231.866,0,1,0,0.000978474
606,289.181,231.052,1,2.613445378,0.265306122,0.012720157
607,283.347,233.073,0,0.666666667,0,0.003424658
608,255.427,233.908,0,1,0,0.001141553
609,232.523,234.656,0,0,0,0
610,215.645,233.922,0,0,0,0
611,266.719,235.303,0,0,0,0
612,277.465,235.187,0,1,0,0.001141553
613,203.058,235.738,0,0,0,0
614,225.973,235.39,0,0,0,0
615,209.773,236.017,0,0,0,0
616,238.999,235.121,0,0,0,0
617,286.674,236.596,0,1.481481481,0.5,0.010273973
618,244.771,236.552,0,0,0,0
619,250.345,236.618,0,1,0,0.001141553
620,259.735,237.227,0,1,0,0.001141553
621,271.598,237.105,0,0,0,0
622,220.141,237.867,0,0,0,0
623,281.656,238.766,0,3,0,0.003424658
624,229.055,239.795,0,2,0,0.002283105
625,214.458,239.93,0,0,0,0
626,205.267,240.023,0,0,0,0
627,235.394,239.782,0,0,0,0
628,241.86,240.682,0,0,0,0
629,254.461,240.434,1,1,0,0.006849315
630,263.923,240.288,0,0,0,0
631,291.165,241.35,3,0.857142857,0.357142857,0.009784736
632,223.813,242.303,0,2,0,0.002283105
633,269.859,241.609,0,0,0,0
634,276.282,240.654,0,0,0,0
635,248.207,242.355,0,1.476190476,0,0.002935421
636,285.795,242.282,3,2,0.777777778,0.015981735
637,209.84,243.159,0,0,0,0
638,218.388,243.833,0,0,0,0
639,258.747,243.704,0,1,0,0.000978474
640,280.441,244.405,0,3,0,0.003424658
641,231.96,244.6,0,2,0,0.002739726
642,237.589,245.393,0,0,0,0
643,197.561,244.96,0,0,0,0
644,203.301,244.971,0,0,0,0
645,264.7,244.773,0,0,0,0
646,274.919,245.486,0,0,0,0
647,243.082,246.504,0,2,0,0.002283105
648,252.894,246.223,0,1.444444444,0,0.003424658
649,269.51,246.421,0,0,0,0
650,289.068,246.126,1,1.133333333,0.388888889,0.007990868
651,214.077,247.605,0,0,0,0
652,226.734,246.954,2,2,0,0.01369863
653,261.525,248.324,0,0,0,0
654,208.191,248.592,0,0,0,0
655,283.511,248.147,0,2.25,0,0.00456621
656,220.781,248.956,0,2,0,0.001956947
657,247.689,249.485,2,2,0,0.01369863
658,256.293,250.074,0,0,0,0
659,266.242,251.358,0,0,0,0
660,202.137,250.189,0,0,0,0
661,232.885,250.302,0,2,0,0.001956947
662,278.153,250.186,0,0,0,0
663,272.075,250.233,0,0,0,0
664,239.352,250.83,0,0,0,0
665,226.769,251.98,0,2,0,0.002283105
666,250.699,253.501,0,1.476190476,0,0.002935421
667,282.849,253.572,0,0,0,0
668,211.045,252.952,0,0,0,0
669,244.18,253.794,0,1.444444444,0,0.003424658
670,216.087,253.798,0,0,0,0
671,199.809,254.69,0,0,0,0
672,260.568,253.882,0,0,0,0
673,274.066,254.222,0,0,0,0
674,205.768,255.364,0,0,0,0
675,220.963,255.024,0,0,0,0
676,236.788,255.315,0,0,0,0
677,268.886,256.142,0,0,0,0
678,231.336,256.397,0,0,0,0
679,254.905,255.864,0,0,0,0
680,278.769,256.528,0,0,0,0
681,287.146,257.134,0,1.083333333,0,0.00456621
682,225.778,257.311,0,0,0,0
683,264.102,258.516,0,0,0,0
684,241.145,258.645,0,1,0,0.001369863
685,211.295,258.158,0,0,0,0
686,246.014,259.076,1,1,0,0.006849315
687,258.81,259.145,0,0,0,0
688,273.292,259.248,0,0,0,0
689,283.063,260.38,0,1,0,0.001141553
690,250.618,259.93,0,1,0,0.001141553
691,216.777,260.1,0,0,0,0
692,201.205,260.338,0,0,0,0
693,222.142,261.755,0,0,0,0
694,235.82,261.087,0,0,0,0
695,228.673,261.605,0,0,0,0
696,207.081,261.541,0,1,0,0.001141553
697,278.29,262.424,0,0,0,0
698,255.559,262.863,0,0,0,0
699,267.644,263.064,0,0,0,0
700,288.785,262.712,1,1.448979592,0,0.006849315
701,212.936,264.276,0,1,0,0.001141553
702,241.968,264.124,0,1,0,0.001141553
703,261.961,263.828,0,0,0,0
704,247.018,265.381,0,1,0,0.001141553
705,272.895,263.823,0,0,0,0
706,202.155,265.175,0,1,0,0.001141553
707,218.687,266.101,0,0,0,0
708,225.318,266.727,0,0,0,0
709,231.42,266.025,0,0,0,0
710,282.087,266.13,0,0.857142857,0,0.001956947
711,236.645,266.185,0,0,0,0
712,251.864,267.178,0,0,0,0
713,208.012,267.435,1,1,0,0.006849315
714,270.057,268.273,0,0,0,0
715,288.029,267.764,0,0.555555556,0,0.006849315
716,258.024,267.719,0,0,0,0
717,275.952,267.673,0,0,0,0
718,264.452,268.908,0,0,0,0
719,197.662,268.43,0,0,0,0
720,242.076,269.791,0,1,0,0.000978474
721,215.012,270.405,0,1.476190476,0,0.002935421
722,229.514,270.667,0,1,0,0.001141553
723,283.815,270.407,1,0.8,0,0.005479452
724,202.931,270.984,0,1,0,0.001141553
725,221.673,271.471,0,1.476190476,0,0.002935421
726,247.779,271.211,0,1,0,0.001141553
727,209.642,272.122,0,1,0,0.001369863
728,236.03,270.877,0,1,0,0.001141553
729,254.382,271.924,0,0.833333333,0,0.002283105
730,260.167,271.928,0,1,0,0.001369863
731,278.636,271.741,0,1,0,0.001141553
732,267.822,273.435,0,0,0,0
733,273.561,272.889,0,0,0,0
734,286.98,274.591,1,0.8,0,0.00456621
735,238.626,275.278,1,1,0,0.006849315
736,199.933,275.676,0,0,0,0
737,205.372,276.513,0,0,0,0
738,226.627,274.564,1,1,0,0.006849315
739,244.639,275.122,0,0.833333333,0,0.002283105
740,262.998,275.736,0,1,0,0.001141553
741,217.283,275.889,2,2,0,0.01369863
742,232.659,274.962,0,0.833333333,0,0.002283105
743,281.774,275.503,0,0.8,0,0.002739726
744,211.52,276.9,0,2,0,0.002283105
745,250.858,275.952,1,0.833333333,0,0.005707763
746,222.632,277.445,0,1.083333333,0,0.00456621
747,256.915,276.503,1,0.833333333,0,0.005707763
748,276.516,277.084,0,0,0,0
749,270.855,277.744,0,0,0,0
750,265.903,279.64,0,0,0,0
751,229.025,279.202,0,0.833333333,0,0.002283105
752,241.222,279.966,0,1,0,0.001141553
753,235.479,280.137,0,1,0,0.001141553
754,247.309,280.229,0,1,0,0.001141553
755,288.203,280.168,2,0.944444444,0,0.00913242
756,254.029,281.106,0,0.714285714,0,0.002935421
757,281.229,280.324,0,1.444444444,0,0.003424658
758,201.374,281.248,0,0,0,0
759,219.726,281.87,0,1.444444444,0,0.003424658
760,260.198,280.607,0,0.833333333,0,0.002283105
761,207.73,281.906,0,0,0,0
762,214.489,281.866,0,2,0,0.002283105
763,275.033,281.554,0,0,0,0
764,225.695,283.9,1,1,0,0.006849315
765,269.622,283.254,0,0,0,0
766,285.251,283.868,1,1.083333333,0,0.005707763
767,264.147,284.496,0,1,0,0.001141553
768,231.702,283.941,0,1,0,0.001369863
769,243.514,285.007,0,0,0,0
770,249.882,284.564,0,0,0,0
771,198.691,285.81,0,2,0,0.002283105
772,279.298,285.245,0,0.833333333,0,0.002283105
773,257.741,285.179,1,0.833333333,0,0.005707763
774,237.278,285.698,0,0,0,0
775,210.638,286.015,0,0,0,0
776,204.068,286.979,0,1,0,0.000978474
777,273.73,286.384,0,1,0,0.001141553
778,221.172,287.326,0,1,0,0.001369863
779,215.48,287.991,0,0,0,0
780,253.381,288.407,0,0.833333333,0,0.002283105
781,283.217,288.062,0,0.5,0,0.005136986
782,247.38,289.284,0,0,0,0
783,261.966,288.832,0,0.8,0,0.002739726
784,230.599,288.684,0,1,0,0.001141553
785,267.967,288.661,0,0,0,0
786,288.477,289.153,1,1.2,0.266666667,0.005479452
787,278.502,290.585,1,1,0,0.006849315
788,199.646,290.761,0,1,0,0.001369863
789,273.515,291.038,0,1,0,0.000978474
790,386.403,200.96,11,16.8086785,0.274193548,0.116438356
791,391.486,214.509,6,4.333333333,0.263157895,0.034246575
792,389.429,220.941,5,4.937853107,0.280701754,0.03652968
793,389.185,230.737,3,4.313043478,0.35,0.038356164
794,388.964,235.97,5,2.754385965,0.178571429,0.017123288
795,390.932,246.665,4,0.763888889,0.222222222,0.00913242
796,388.825,267.954,1,2.666666667,0.25,0.010273973
797,386.818,272.975,1,1.583333333,0.388888889,0.007990868
798,388.521,278.251,0,0.8,0,0.002739726
799,387.094,292.891,0,0,0,0
800,297.369,293.794,4,4.757575758,0.357142857,0.034246575
801,303.155,294.456,14,7.395833333,0.210526316,0.054794521
802,308.854,293.529,38,8.319587629,0.339869281,0.118721461
803,314.007,291.902,51,7.322717622,0.203947368,0.106164384
804,327.327,292.948,90,6.629166667,0.203174603,0.146118721
805,338.185,293.143,115,1.386775362,0.105932203,0.085616438
806,348.626,294.051,99,4.52297775,0.170186335,0.134050881
807,353.264,292.712,72,4.467889908,0.165656566,0.112328767
808,366.955,291.947,9,6.808429119,0.32,0.054794521
809,371.981,292.983,6,2.738461538,0.4,0.024657534
810,375.433,289.322,1,1.53030303,0.416666667,0.017123288
811,322.248,293.268,54,4.561658031,0.191111111,0.117808219
812,305.411,289.526,18,4.620869565,0.173684211,0.045205479
813,320.325,197.802,41,10.98318713,0.255847953,0.199771689
814,344.161,199.302,131,0.799364323,0.099236641,0.089041096
815,314.699,200.081,38,1.902439024,0.192982456,0.075342466
816,337.856,198.377,130,2.11745646,0.113231552,0.101598174
817,350.76,201.158,123,1.468468468,0.127226463,0.114155251
818,302.42,199.925,20,13.45833333,0.216374269,0.084474886
819,357.052,201.799,114,1.878141299,0.153116531,0.128995434
820,308.464,201.542,57,4.81512605,0.461152882,0.180039139
821,326.087,202.375,114,9.291074005,0.275590551,0.239726027
822,363.991,203.045,82,2.837096774,0.125730994,0.098173516
823,375.61,202.873,54,2.298734177,0.167741935,0.071232877
824,298.15,203.982,4,4.274261603,0.425,0.058219178
825,319.406,203.693,57,13.14444444,0.200292398,0.156392694
826,332.711,203.667,127,3.267420589,0.179120879,0.159491194
827,346.497,205.985,107,1.821087588,0.122137405,0.109589041
828,381.676,205.457,62,10.73717949,0.467741935,0.198630137
829,339.976,205.177,124,2.008403361,0.08778626,0.078767123
830,370.032,205.403,62,5.364290857,0.202651515,0.122146119
831,303.158,205.547,18,14.90811966,0.245614035,0.095890411
832,312.663,206.133,36,2.398322851,0.204678363,0.079908676
833,306.874,209.015,34,7.870967742,0.248538012,0.097031963
834,323.719,208.061,79,6.289662797,0.207602339,0.162100457
835,352.695,207.917,95,2.186440678,0.109756098,0.092465753
836,328.99,208.488,102,2.442298851,0.108923885,0.094748858
837,359.019,208.24,93,1.511831276,0.08625731,0.067351598
838,387.383,208.466,10,18.05506784,0.246543779,0.104696673
839,375.66,208.601,38,1.869281046,0.244623656,0.103881279
840,335.572,209.293,89,2.082687339,0.19816273,0.172374429
841,365.042,210.067,88,3.162178336,0.151360544,0.101598174
842,296.128,210.349,6,4.741682975,0.325396825,0.040117417
843,317.09,209.424,55,7.31372549,0.222826087,0.140410959
844,341.632,211.068,125,2.238591917,0.146981627,0.127853881
845,301.512,211.4,17,6.162079511,0.225490196,0.052511416
846,311.45,212.396,41,11.89583333,0.258130081,0.144977169
847,348.487,212.17,98,3.782159624,0.139107612,0.121004566
848,371.318,212.005,55,6.357843137,0.198863636,0.119863014
849,379.861,212.084,45,7.697999069,0.246543779,0.104696673
850,326.72,214.338,104,1.740107747,0.116071429,0.089041096
851,385.41,215.147,19,14.35917313,0.340740741,0.105022831
852,320.783,213.117,92,3.252545825,0.163461538,0.116438356
853,355.003,213.529,78,0.745098039,0.131195335,0.088062622
854,361.495,214.813,98,0.753355705,0.153061224,0.102739726
855,332.537,213.597,110,0.780141844,0.102678571,0.078767123
856,305.609,215.287,14,13.26984127,0.27027027,0.136986301
857,316.001,216.048,82,4.396039604,0.161231884,0.101598174
858,373.404,217.338,41,6.339849624,0.184448463,0.099804305
859,337.371,216.033,97,3.240694789,0.163242009,0.163242009
860,298.082,215.751,16,2.514056225,0.323529412,0.037671233
861,343.166,216.737,127,4.582582583,0.171232877,0.171232877
862,367.419,217.32,79,4.714285714,0.163265306,0.109589041
863,348.668,217.888,80,3.050276521,0.140419948,0.122146119
864,357.356,218.796,82,4.733094812,0.12481203,0.11369863
865,379.374,217.46,37,7.558139535,0.328888889,0.101369863
866,326.991,219.752,91,1.313131313,0.119047619,0.091324201
867,332.272,219.482,112,3.062005277,0.107305936,0.107305936
868,311.379,218.393,74,12.34652595,0.347560976,0.195205479
869,321.514,218.576,79,0.984631691,0.121794872,0.086757991
870,352.852,220.72,90,3.936979167,0.097744361,0.089041096
871,295.05,220.992,9,4.511278195,0.349206349,0.043052838
872,301.12,220.054,17,5.268065268,0.205128205,0.054794521
873,306.858,220.548,39,13.30769231,0.267567568,0.135616438
874,362.25,220.95,78,5.422752294,0.12481203,0.11369863
875,382.987,221.916,7,6.291989664,0.378378378,0.095890411
876,376.37,222.711,23,9.420600858,0.284946237,0.121004566
877,316.777,222.348,82,3.539177833,0.134199134,0.090998043
878,337.441,222.238,146,2.493237992,0.243639922,0.243639922
879,343.189,222.988,104,4.748370274,0.140410959,0.140410959
880,370.57,223.36,62,7.642424242,0.238396624,0.128995434
881,322.993,224.001,99,1.923038481,0.094444444,0.077625571
882,310.583,224.763,47,7.150565709,0.227642276,0.127853881
883,298.996,224.574,18,5.718181818,0.293333333,0.060273973
884,330.408,224.352,98,2.967721317,0.121330724,0.121330724
885,348.617,223.839,86,1.749823322,0.107826087,0.084931507
886,357.965,225.431,133,3.731506849,0.358754028,0.326810176
887,304.592,225.503,30,6.850828729,0.287234043,0.092465753
888,365.098,225.141,75,6.910569106,0.121553885,0.110730594
889,385.641,226.923,16,5.17370892,0.401515152,0.060502283
890,340.513,228.097,109,1.971579375,0.093607306,0.093607306
891,315.096,227.274,68,6.404444444,0.185714286,0.124657534
892,326.222,228.009,120,0.703846154,0.16,0.131506849
893,319.886,229.134,98,4.204309657,0.157142857,0.129158513
894,334.965,227.892,126,3.051537335,0.154794521,0.154794521
895,379.886,228.198,22,5.913043478,0.227642276,0.063926941
896,352.853,227.763,91,3.285391226,0.140350877,0.127853881
897,374.274,228.76,41,9.916359164,0.286458333,0.125570776
898,346.388,228.641,115,1.882352941,0.11155914,0.094748858
899,368.053,229.469,64,3.731182796,0.152610442,0.086757991
900,299.335,229.668,10,5.928571429,0.266666667,0.054794521
901,309.938,230.62,43,8.017809776,0.259183673,0.124266145
902,330.962,230.882,102,1.336452763,0.079365079,0.068493151
903,362.355,230.587,83,6.872053872,0.146616541,0.133561644
904,304.512,230.715,20,7.671232877,0.31627907,0.093150685
905,344.46,233.672,119,0.979428571,0.100230415,0.085127202
906,356.838,231.78,98,4.51532567,0.140350877,0.127853881
907,383.483,233.529,14,4.363636364,0.298701299,0.045009785
908,315.059,232.321,67,4.420427553,0.136734694,0.091780822
909,324.638,232.8,107,2.759066071,0.144444444,0.118721461
910,350.528,232.754,124,1.748335553,0.157258065,0.133561644
911,371.682,233.829,44,7.416842105,0.261538462,0.116438356
912,300.112,234.825,9,7.452380952,0.240196078,0.055936073
913,377.255,234.227,15,11.14026403,0.324404762,0.124429224
914,305.95,235.153,34,13.79051988,0.261904762,0.125570776
915,319.422,235.846,75,3.04197698,0.113484646,0.083170254
916,366.527,235.374,65,2.630044843,0.134538153,0.076484018
917,361.111,235.913,76,2.490974729,0.136054422,0.091324201
918,330.329,235.807,93,1.058569551,0.086782377,0.063600783
919,313.616,236.799,70,6.123854768,0.283809524,0.145792564
920,340.643,236.867,99,0.778135048,0.063865546,0.052054795
921,355.093,236.959,91,3.007429421,0.11827957,0.100456621
922,349.581,238.333,113,2.08183908,0.134408602,0.114155251
923,324.851,237.371,76,1.969142857,0.13271028,0.097260274
924,335.41,238.398,99,0.524502669,0.048929664,0.03652968
925,308.888,238.225,28,9.009186352,0.228571429,0.109589041
926,296.545,238.995,4,3.272727273,0.244897959,0.023483366
927,371.774,238.7,56,9.961199295,0.320879121,0.142857143
928,379.955,238.603,10,19.77702703,0.297619048,0.114155251
929,302.553,239.454,14,8.944927536,0.338235294,0.078767123
930,344.476,240.599,94,1.885689354,0.131840796,0.121004566
931,384.822,240.067,3,3.224806202,0.30952381,0.029680365
932,327.055,241.599,96,0.842473118,0.090277778,0.059360731
933,331.533,240.993,86,0.247887324,0.105050505,0.071232877
934,359.37,240.723,83,2.283625731,0.118333333,0.081050228
935,365.623,240.824,58,4.53978979,0.18875502,0.107305936
936,311.787,242.419,42,9.308839191,0.288095238,0.138127854
937,316.53,241.217,62,2.176767677,0.145299145,0.077625571
938,321.739,241.484,78,2.015042118,0.111111111,0.073059361
939,353.864,242.481,88,1.45865434,0.092920354,0.071917808
940,390.485,241.094,4,0.666666667,0.222222222,0.00913242
941,339.828,242.463,109,2.084714549,0.110696517,0.101598174
942,375.603,242.402,44,14.67317073,0.442857143,0.169863014
943,295.171,244.396,2,0.541666667,0.25,0.006849315
944,300.136,243.772,3,7.958974359,0.347826087,0.054794521
945,306.388,242.772,23,6.874172185,0.238095238,0.068493151
946,348.667,244.236,96,3.320549242,0.109452736,0.100456621
947,335.101,244.595,99,0.601960784,0.059633028,0.044520548
948,362.338,244.926,74,9.126771066,0.235,0.160958904
949,370.431,244.599,32,9.882729211,0.272200772,0.137964775
950,380.895,245.213,6,17.17896389,0.204545455,0.061643836
951,319.504,246.261,71,2.431571816,0.119791667,0.078767123
952,386.258,245.186,1,0.727272727,0.533333333,0.021917808
953,303.922,247.361,17,5.904761905,0.354166667,0.058219178
954,330.302,246.59,95,0.257984032,0.037581699,0.026255708
955,324.814,246.508,96,2.356418919,0.138888889,0.091324201
956,357.025,247.013,100,1.728723404,0.226666667,0.155251142
957,309.223,247.458,24,8.720478326,0.2109375,0.092465753
958,344.141,246.829,134,2.07751938,0.257462687,0.23630137
959,367.1,248.08,38,12.52326531,0.278378378,0.14109589
960,314.614,247.079,64,6.072097378,0.248826291,0.121004566
961,351.988,248.196,78,0.968931016,0.143564356,0.099315068
962,375.392,247.42,16,10.91147541,0.290909091,0.087671233
963,338.262,248.31,90,1.887082204,0.134328358,0.123287671
964,298.763,248.784,2,5.933333333,0.274509804,0.03196347
965,362.017,249.976,62,11.77014218,0.243333333,0.166666667
966,317.854,251.877,59,3.276190476,0.185110664,0.090019569
967,385.569,250.307,4,1.580645161,0.306122449,0.014677104
968,333.472,250.975,102,0.199312715,0.057189542,0.039954338
969,372.364,251.292,17,6.231464738,0.248120301,0.064579256
970,322.742,251.11,62,6.300703775,0.228522337,0.151826484
971,327.639,251.788,94,2.073559671,0.088235294,0.061643836
972,341.867,251.897,107,3.63960396,0.134328358,0.123287671
973,347.352,251.547,101,3.527700574,0.122601279,0.112524462
974,379.362,250.813,7,3.177419355,0.245098039,0.028538813
975,307.333,252.002,19,5.207364341,0.231060606,0.069634703
976,313.198,252.346,34,6.872960373,0.255208333,0.111872146
977,357.322,253.191,79,6.533834586,0.192307692,0.136986301
978,301.969,252.984,10,4.709677419,0.340277778,0.055936073
979,367.761,253.558,22,8.135327635,0.252688172,0.107305936
980,352.622,253.437,91,1.315555556,0.1,0.071232877
981,362.782,254.772,47,9.404210526,0.230379747,0.124657534
982,297.031,254.441,5,6.162162162,0.3125,0.034246575
983,337.632,254.556,97,0.908956329,0.069425901,0.050880626
984,382.948,254.862,6,1.194444444,0.238095238,0.011415525
985,331.241,255.749,102,0.114341085,0.04248366,0.029680365
986,376.536,255.419,6,3.466666667,0.233333333,0.03196347
987,311.017,256.564,44,5.460823373,0.245762712,0.099315068
988,343.799,256.255,77,1.31107814,0.206422018,0.154109589
989,305.221,256.788,24,6.473846154,0.245454545,0.073972603
990,318.825,256.367,42,7.601190476,0.195876289,0.130136986
991,387.901,256.619,0,1.541666667,0.666666667,0.02739726
992,324.572,256.654,97,6.887229775,0.203081232,0.141878669
993,348.987,257.405,87,1.289393939,0.108562691,0.081050228
994,371.391,257.817,20,3.778735632,0.261904762,0.050228311
995,334.859,259.412,101,0.459560542,0.053097345,0.04109589
996,354.264,259.135,104,6.460369418,0.303571429,0.216242661
997,300.012,259.146,16,6.111876076,0.375,0.061643836
998,339.583,259.65,96,1.65339233,0.097345133,0.075342466
999,359.556,258.643,47,13.82890173,0.219230769,0.156164384
1000,380.196,259.052,7,0.371428571,0.2,0.009589041
1001,315.042,260.26,44,2.729411765,0.150121065,0.060665362
1002,365.528,259.352,28,5.255751739,0.288753799,0.09295499
1003,329.678,260.681,95,0.311657033,0.047400612,0.035388128
1004,320.382,260.937,54,10.03237675,0.25257732,0.167808219
1005,309.764,261.614,27,6.693023256,0.290909091,0.087671233
1006,345.05,261.131,109,2.591317365,0.166666667,0.140410959
1007,374.82,261.438,7,3.764705882,0.241666667,0.033105023
1008,385.205,261.963,6,2.111111111,0.469387755,0.022504892
1009,324.802,262.24,95,3.217475728,0.121649485,0.080821918
1010,304.615,262.24,17,2.941176471,0.222222222,0.04109589
1011,369.808,263.272,16,8.196969697,0.268115942,0.084474886
1012,296.193,262.954,3,6.131313131,0.229166667,0.025114155
1013,350.258,262.729,91,3.972095383,0.143631436,0.121004566
1014,341.962,264.653,85,1.970614035,0.216535433,0.188356164
1015,359.732,263.523,41,10.986733,0.225961538,0.160958904
1016,332.519,265.17,109,1.38490566,0.0928,0.079452055
1017,355.242,264.677,71,5.430555556,0.165064103,0.117579909
1018,390.728,262.782,1,2.769230769,0.277777778,0.011415525
1019,300.93,265.547,7,4.781954887,0.365079365,0.045009785
1020,337.202,264.807,113,1.554800725,0.105333333,0.090182648
1021,364.308,265.041,46,7.946428571,0.276923077,0.123287671
1022,379.342,264.173,3,1.096491228,0.314814815,0.019406393
1023,317.807,264.929,40,6.045033113,0.202469136,0.112328767
1024,312.174,266.261,30,6.381791483,0.242138365,0.087899543
1025,346.618,266.938,123,3.993922394,0.204724409,0.178082192
1026,327.987,266.609,93,2.082244799,0.088,0.075342466
1027,307.14,266.98,10,3.808080808,0.377777778,0.077625571
1028,322.877,267.387,81,6.32967033,0.222556391,0.14481409
1029,374.066,267.066,9,7.073170732,0.244897959,0.046966732
1030,351.548,267.84,72,4.516636197,0.190243902,0.160273973
1031,383.643,267.849,3,0.983333333,0.194444444,0.007990868
1032,367.553,268.337,28,13.72376543,0.292307692,0.130136986
1033,359.56,269.05,65,4.635014837,0.305164319,0.148401826
1034,378.359,269.219,3,1.384,0.155555556,0.009589041
1035,297.531,270.077,3,6.619047619,0.26984127,0.033268102
1036,337.492,269.917,107,2.52392638,0.122834646,0.106849315
1037,342.353,270.309,127,3.900188324,0.237532808,0.206621005
1038,316.369,269.748,53,10.13333333,0.269547325,0.149543379
1039,332.012,270.522,125,1.475151515,0.2,0.171232877
1040,302.994,270.213,18,4.0591133,0.297142857,0.050880626
1041,310.293,271.396,23,5.772635815,0.175202156,0.063600783
1042,326.606,271.879,91,3.94284188,0.116,0.099315068
1043,320.775,272.247,65,7.525206922,0.21978022,0.136986301
1044,354.225,271.886,84,6.179209979,0.194339623,0.14109589
1045,348.965,272.187,106,4.742292871,0.165354331,0.143835616
1046,370.306,271.866,12,12.84897959,0.31,0.084931507
1047,381.365,273.268,3,0.833333333,0.291666667,0.007990868
1048,364.454,273.144,40,14.36770186,0.334065934,0.148727984
1049,375.148,273.108,4,2.50877193,0.25,0.020547945
1050,306.148,274.575,25,1.224390244,0.223076923,0.039726027
1051,357.949,274.277,46,13.04330065,0.241830065,0.168949772
1052,301.001,275.244,13,6.666666667,0.34,0.058219178
1053,315.283,274.796,28,6.382882883,0.292307692,0.130136986
1054,335.94,274.4,95,2.423050847,0.1024,0.087671233
1055,296.261,275.71,1,5.538461538,0.269230769,0.023972603
1056,331.38,276.093,92,2.257757758,0.08,0.068493151
1057,340.881,275.693,82,6.692659054,0.181690141,0.176712329
1058,345.745,275.392,78,5.031746032,0.221830986,0.215753425
1059,310.417,277.113,26,5.979073244,0.204402516,0.074200913
1060,319.166,277.927,48,4.544251447,0.231601732,0.122146119
1061,324.646,276.165,77,4.307116105,0.176975945,0.117579909
1062,362.138,277.282,21,6.289552239,0.364,0.124657534
1063,370.798,276.532,5,15.0617284,0.225,0.061643836
1064,352.09,277.343,102,6.370503597,0.27240566,0.197773973
1065,383.52,277.996,0,2.095238095,0.342857143,0.011741683
1066,377.821,277.393,2,1.055555556,0.466666667,0.015981735
1067,328.705,279.532,97,1.885964912,0.132352941,0.092465753
1068,336.151,280.42,89,3.798886827,0.08249497,0.080234834
1069,357.205,279.695,50,13.69437653,0.219887955,0.153620352
1070,366.814,279.504,13,9.530332681,0.314285714,0.086105675
1071,305.113,279.456,18,8.933333333,0.216666667,0.074200913
1072,314.371,280.624,53,4.680293501,0.203431373,0.094748858
1073,323.334,281.2,64,6.439814815,0.196078431,0.136986301
1074,373.704,280.118,5,2.083333333,0.166666667,0.014840183
1075,299.55,280.261,6,5.623655914,0.37037037,0.0456621
1076,341.925,280.258,142,5.453650255,0.370422535,0.360273973
1077,347.376,279.786,98,7.517525773,0.149295775,0.145205479
1078,332.624,283.283,87,0.660176991,0.086538462,0.061643836
1079,362.325,282.194,31,10.91279887,0.22705314,0.107305936
1080,380.111,281.834,5,1.796296296,0.566666667,0.019406393
1081,350.722,283.156,62,5.34212068,0.259803922,0.181506849
1082,309.241,283.123,50,8.75,0.41509434,0.150684932
1083,354.985,283.952,69,10.60585198,0.221288515,0.154598826
1084,387.958,283.117,1,1,0,0.006849315
1085,345.735,284.644,100,6.940206186,0.143661972,0.139726027
1086,303.87,284.457,17,12.51968504,0.206666667,0.070776256
1087,365.588,286.083,25,7.152106886,0.3640553,0.077299413
1088,370.388,283.746,6,8.916666667,0.253333333,0.043378995
1089,297.53,284.654,5,5.826086957,0.303921569,0.035388128
1090,319.512,284.404,68,6.117647059,0.19047619,0.133072407
1091,326.847,284.295,102,5.746783626,0.237179487,0.168949772
1092,375.651,284.559,4,1.013333333,0.305555556,0.012557078
1093,314.323,286.264,45,5.412121212,0.183823529,0.085616438
1094,383.747,284.561,0,2.9,0.32,0.010958904
1095,359.995,285.989,28,9.315315315,0.270531401,0.127853881
1096,334.34,288.463,86,1.779356061,0.144067797,0.116438356
1097,329.663,288.149,104,4.398177921,0.171428571,0.123287671
1098,324.045,288.636,48,7.520514088,0.266483516,0.189823875
1099,380.038,287.666,2,2.274725275,0.371428571,0.012720157
1100,310.121,288.136,15,7.02764977,0.498039216,0.173972603
1101,339.506,288.426,118,2.135931559,0.13559322,0.109589041
1102,370.256,288.31,2,8.754716981,0.273333333,0.046803653
1103,299.951,288.996,13,3.873873874,0.342592593,0.042237443
1104,350.056,288.475,88,2.82989011,0.154285714,0.105675147
1105,386.292,288.562,0,1.476190476,0,0.002935421
1106,318.842,289.733,48,2.457264957,0.131578947,0.068493151
1107,344.601,289.135,92,1.439215686,0.115254237,0.093150685
1108,356.297,289.143,68,9.479115479,0.225378788,0.135844749
1109,361.985,291.017,25,15.16592593,0.259803922,0.121004566
1110,392.484,291.478,0,0,0,0
1111,403.629,290.607,0,0,0,0
1112,409.046,293.261,0,0,0,0
1113,441.792,293.339,0,0,0,0
1114,413.902,291.042,0,0,0,0
1115,436.511,290.59,0,0,0,0
1116,398.034,199.218,3,4.463414634,0.288888889,0.029680365
1117,413.157,198.758,0,1,0,0.001712329
1118,417.436,201.745,0,1,0,0.001369863
1119,404.578,201.523,3,0.794871795,0.444444444,0.00913242
1120,392.403,203.481,15,2.925287356,0.522222222,0.053652968
1121,398.979,205.242,1,4.957264957,0.355555556,0.03652968
1122,410.705,204.56,1,2.102040816,0,0.008806262
1123,422.573,205.466,0,0,0,0
1124,433.794,206.729,0,0,0,0
1125,394.399,209.434,11,3.634782609,0.373333333,0.038356164
1126,404.44,208.025,3,1.242424242,0.555555556,0.011415525
1127,416.741,208.245,0,1,0,0.001141553
1128,439.519,209.807,0,0,0,0
1129,410.91,211.286,0,1.733333333,0,0.005707763
1130,428.362,209.638,0,0,0,0
1131,422.591,212.037,0,0,0,0
1132,399.194,213.847,3,3.305418719,0.220779221,0.016634051
1133,405.385,214.031,0,1.36,0.666666667,0.01369863
1134,416.449,214.516,0,0.833333333,0,0.002283105
1135,434.171,213.625,0,0,0,0
1136,428.432,216.788,0,0,0,0
1137,440.95,216.024,0,0,0,0
1138,410.222,218.277,1,1.12244898,0,0.004892368
1139,395.856,219.647,2,0.512820513,0.333333333,0.01369863
1140,416.587,220.135,1,0.6,0,0.004109589
1141,422.535,218.918,0,1,0,0.001141553
1142,452.526,218.986,0,0,0,0
1143,402.821,219.949,3,0.794871795,0.444444444,0.00913242
1144,434.689,219.908,0,0,0,0
1145,439.935,223.662,0,0,0,0
1146,445.397,220.519,0,0,0,0
1147,407.355,223.721,1,0.606060606,0.222222222,0.00456621
1148,427.322,223.841,0,0,0,0
1149,392.846,225.375,4,4.396396396,0.177083333,0.019406393
1150,399.779,225.345,3,0.571428571,0.285714286,0.007827789
1151,420.244,225.001,0,0.833333333,0,0.002283105
1152,413.617,225.443,1,0.333333333,0,0.002283105
1153,445.33,227.209,0,0,0,0
1154,433.462,225.851,0,0,0,0
1155,438.738,230.03,0,0,0,0
1156,394.85,230.865,4,0.333333333,0.2,0.006849315
1157,410.677,230.102,1,1.833333333,0.166666667,0.005707763
1158,423.786,229.771,0,0,0,0
1159,405.005,228.988,1,1.184615385,0.28,0.009589041
1160,400.266,232.304,2,1,0.366666667,0.012557078
1161,430.476,231.1,0,0,0,0
1162,416.595,231.532,0,0.714285714,0,0.002935421
1163,451.566,229.666,0,0,0,0
1164,446.669,233.441,0,0,0,0
1165,426.064,234.718,0,0,0,0
1166,435.29,234.992,0,0,0,0
1167,441.417,235.852,0,0,0,0
1168,405.552,234.732,5,1.666666667,0.8,0.02739726
1169,410.365,236.144,1,3.228571429,0.28,0.009589041
1170,395.082,236.627,5,0.814814815,0.277777778,0.011415525
1171,420.258,236.241,0,0,0,0
1172,452.843,236.298,0,0,0,0
1173,461.888,234.26,0,0,0,0
1174,414.735,238.349,0,1,0,0.001141553
1175,401.466,238.837,1,2.421052632,0.444444444,0.01826484
1176,430.963,238.483,0,0,0,0
1177,425.007,239.917,0,0,0,0
1178,445.797,239.78,0,0,0,0
1179,458.731,239.738,0,0,0,0
1180,396.268,242.26,6,1.53030303,0.555555556,0.02283105
1181,439.634,240.935,0,0,0,0
1182,407.753,241.414,0,2.857142857,0.228571429,0.007827789
1183,419.107,242.654,0,0,0,0
1184,412.488,244.52,0,1,0,0.001141553
1185,451.411,241.825,0,0,0,0
1186,470.235,241.253,0,0,0,0
1187,401.729,244.352,0,2.727272727,0.305555556,0.012557078
1188,432.666,244.862,0,1,0,0.000978474
1189,464.857,244.59,0,0,0,0
1190,444.289,245.083,0,0,0,0
1191,426.571,244.835,0,1,0,0.001141553
1192,438.344,246.197,0,0,0,0
1193,406.838,246.827,1,0.833333333,0,0.005707763
1194,416.716,248.387,0,0,0,0
1195,421.953,247.641,0,1,0,0.001369863
1196,396.56,247.829,2,2.145833333,0.333333333,0.01369863
1197,450.003,247.69,0,0,0,0
1198,471.785,247.094,0,0,0,0
1199,461.266,248.503,0,0,0,0
1200,411.795,251.102,0,1,0,0.001141553
1201,401.844,250.434,1,1.142857143,0,0.005870841
1202,427.727,250.21,1,1,0,0.006849315
1203,455.102,250.855,0,0,0,0
1204,443.91,251.29,0,0,0,0
1205,406.755,251.925,0,0.8,0,0.002739726
1206,438.35,251.321,0,0,0,0
1207,391.29,251.973,3,1.352941176,0.416666667,0.011415525
1208,397.048,252.872,0,1.6,0.5,0.01369863
1209,421.01,252.507,0,1,0,0.001141553
1210,415.456,255.026,0,0,0,0
1211,449.76,254.086,0,0,0,0
1212,426.726,255.045,0,1,0,0.001141553
1213,461.351,253.677,0,0,0,0
1214,392.916,257.363,4,2,0.791666667,0.021689498
1215,403.902,256.331,0,1,0,0.001141553
1216,433.432,252.933,0,1,0,0.000856164
1217,398.112,257.724,0,2.5,0,0.006849315
1218,410.181,257.006,0,0,0,0
1219,420.102,257.495,0,0,0,0
1220,439.312,256.423,0,0,0,0
1221,455.899,256.635,0,0,0,0
1222,466.79,256.505,0,0,0,0
1223,472.658,257.072,0,0,0,0
1224,430.754,258.438,0,0,0,0
1225,444.975,257.809,0,0,0,0
1226,424.252,259.792,0,1,0,0.001369863
1227,435.727,260.116,0,0,0,0
1228,478.34,259.444,0,0,0,0
1229,405.72,261.576,0,0,0,0
1230,450.662,259.831,0,0,0,0
1231,461.706,259.682,0,0,0,0
1232,400.903,261.527,0,1,0,0.001369863
1233,415.846,261.26,0,1,0,0.001141553
1234,440.456,262.356,0,0,0,0
1235,395.954,263.485,1,2.5,0,0.007990868
1236,410.632,262.249,0,0,0,0
1237,456.899,262.667,0,0,0,0
1238,421.646,264.316,1,1,0,0.006849315
1239,446.149,264.049,0,0,0,0
1240,473.073,263.041,0,0,0,0
1241,431.853,264.747,0,0,0,0
1242,401.395,266.184,0,0.833333333,0,0.002283105
1243,416.999,266.745,0,1,0,0.001369863
1244,427.358,263.152,0,1,0,0.001369863
1245,452.601,265.21,0,0,0,0
1246,412.493,267.145,0,0,0,0
1247,462.252,265.779,0,0,0,0
1248,393.793,268.582,0,0.5,0,0.00456621
1249,407.311,267.271,0,0,0,0
1250,426.587,268.225,0,1,0,0.001141553
1251,435.95,266.927,0,0,0,0
1252,473.545,268.694,0,0,0,0
1253,467.647,267.714,0,0,0,0
1254,431.447,270.677,0,0,0,0
1255,440.616,268.005,0,0,0,0
1256,421.274,269.971,0,1,0,0.001141553
1257,404.881,271.679,0,1,0,0.001369863
1258,444.734,269.757,0,0,0,0
1259,399.71,270.398,1,1,0,0.006849315
1260,410.364,272.343,0,0,0,0
1261,449.342,269.014,0,0,0,0
1262,396.036,273.178,0,1,0,0.001369863
1263,415.679,272.331,0,0,0,0
1264,391.817,274.527,0,0.857142857,0,0.001956947
1265,425.833,273.131,0,0,0,0
1266,442.155,274.001,0,0,0,0
1267,469.169,272.963,0,0,0,0
1268,436.531,272.623,0,0,0,0
1269,406.72,277.153,0,0,0,0
1270,420.705,275.567,0,0,0,0
1271,401.313,275.601,0,1,0,0.001369863
1272,430.402,275.511,0,0,0,0
1273,411.903,277.477,0,0,0,0
1274,448.98,274.657,0,0,0,0
1275,465.626,276.711,0,0,0,0
1276,416.751,277.996,0,0,0,0
1277,397.171,278.77,0,0,0,0
1278,425.218,278.063,0,0,0,0
1279,434.505,277.698,0,0,0,0
1280,460.427,277.159,0,0,0,0
1281,445.069,278.782,0,0,0,0
1282,402.344,280.746,0,0,0,0
1283,439.37,278.264,0,0,0,0
1284,392.822,280.999,0,1,0,0.001141553
1285,409.088,282.195,0,0,0,0
1286,421.89,282.243,0,0,0,0
1287,415.943,282.465,0,0,0,0
1288,429.156,281.265,0,0,0,0
1289,466.911,281.799,0,0,0,0
1290,397.299,284.316,0,0,0,0
1291,441.321,282.794,0,0,0,0
1292,403.272,285.164,0,0,0,0
1293,447.683,283.403,0,0,0,0
1294,472.293,283.902,0,0,0,0
1295,392.442,286.512,0,1,0,0.001141553
1296,412.686,286.05,0,0,0,0
1297,426.341,285.425,0,0,0,0
1298,437.527,286.122,0,0,0,0
1299,431.812,286.99,0,0,0,0
1300,408.242,287.876,0,0,0,0
1301,417.697,287.221,0,0,0,0
1302,422.221,288.525,0,0,0,0
1303,455.146,286.56,0,0,0,0
1304,397.893,289.23,0,0,0,0
1305,427.435,290.249,0,0,0,0
1306,452.147,291.073,0,0,0,0
1307,98.5845,307.381,1,1,0,0.006849315
1308,100.298,313.262,0,1,0,0.001712329
1309,86.3408,295.917,3,5.234146341,0.442857143,0.042465753
1310,73.1392,296.206,18,8.879807692,0.255813953,0.075342466
1311,79.5758,297.169,14,3.465116279,0.272727273,0.04109589
1312,91.2762,299.558,0,5.5,0.259259259,0.015981735
1313,96.7635,300.899,0,1,0,0.001141553
1314,84.5453,301.854,9,4.900900901,0.428571429,0.04109589
1315,78.0741,303.454,7,3.009615385,0.319444444,0.039383562
1316,91.1404,305.321,0,5.833333333,0.259259259,0.015981735
1317,84.7357,307.273,4,4.125,0.444444444,0.02739726
1318,92.4931,310.814,0,3,0.3125,0.008561644
1319,194.694,299.313,0,0,0,0
1320,193.715,303.9,0,1,0,0.000978474
1321,195.683,309.579,1,1,0,0.006849315
1322,194.105,321.042,0,0,0,0
1323,195.834,326.772,0,1,0,0.001141553
1324,196.886,347.081,0,0.833333333,0,0.002283105
1325,196.423,332.54,0,0.833333333,0,0.002283105
1326,145.26,294.512,0,1,0,0.000978474
1327,103.909,296.475,0,2.257142857,0,0.004892368
1328,138.18,295.126,0,1,0,0.001141553
1329,110.875,295.328,0,2,0,0.002739726
1330,191.516,294.918,0,0,0,0
1331,157.873,295.956,4,1.391304348,0.305555556,0.012557078
1332,169.91,296.283,15,2.44606414,0.676190476,0.069471624
1333,132.69,297.521,1,0.833333333,0,0.005707763
1334,116.693,298.006,0,0,0,0
1335,122.424,297.632,0,1,0,0.001369863
1336,142.793,299.352,0,0,0,0
1337,153.431,299.102,1,3.25,0.305555556,0.012557078
1338,175.145,299.04,6,5.15,0.293333333,0.030136986
1339,181.084,299.485,1,3,0.229166667,0.009417808
1340,163.004,299.678,5,2.325925926,0.155555556,0.015981735
1341,187.957,299.509,0,1,0,0.001141553
1342,127.616,301.065,0,0.833333333,0,0.002283105
1343,109.772,301.024,0,0,0,0
1344,137.424,301.922,0,1,0,0.001141553
1345,169.107,301.701,6,2.782608696,0.2,0.020547945
1346,157.767,302.634,6,1.25,0.5,0.020547945
1347,102.847,302.392,0,1,0,0.001369863
1348,186.915,304.033,0,0.833333333,0,0.002283105
1349,121.488,303.901,0,0,0,0
1350,115.17,304.814,0,0,0,0
1351,175.302,303.88,1,2.197530864,0.416666667,0.02283105
1352,150.866,304.78,1,3.233333333,0.25,0.010273973
1353,162.645,305.479,5,1.142857143,0.25,0.01369863
1354,180.718,305.445,1,2,0.25,0.006849315
1355,143.668,305.417,0,1,0,0.001141553
1356,107.063,306.647,0,1,0,0.001141553
1357,127.376,307.151,0,0,0,0
1358,155.814,307.937,2,2.4375,0.333333333,0.01369863
1359,169.666,307.13,8,1.539215686,0.458333333,0.025114155
1360,137.73,308.917,0,0,0,0
1361,184.594,309.32,0,1,0,0.001369863
1362,190.072,309.213,0,1,0,0.001141553
1363,175.232,309.79,4,5.531531532,0.322222222,0.033105023
1364,119.783,310.412,0,0,0,0
1365,164.25,310.44,2,1.475,0.5,0.02739726
1366,113.038,310.046,0,0,0,0
1367,149.803,310.446,0,1.4,0,0.004109589
1368,143.657,310.815,0,0,0,0
1369,132.901,311.973,0,0,0,0
1370,158.662,312.289,2,2.175438596,0.261904762,0.012557078
1371,179.79,312.615,0,2.458333333,0.333333333,0.00913242
1372,106.324,311.554,0,1,0,0.001369863
1373,126.1,312.191,0,0,0,0
1374,168.796,313.322,8,2.237179487,0.2,0.020547945
1375,152.924,315.407,0,1.342857143,0,0.004892368
1376,185.717,314.92,0,0,0,0
1377,191.887,314.546,0,1,0,0.001141553
1378,138.616,315.52,0,0,0,0
1379,146.227,315.992,0,0,0,0
1380,109.157,316.027,0,0,0,0
1381,115.718,316.157,0,0,0,0
1382,162.849,316.671,7,2.172043011,0.458333333,0.025114155
1383,172.907,316.418,15,2.490909091,0.613333333,0.063013699
1384,122.501,317.488,0,0,0,0
1385,129.758,317.291,0,0,0,0
1386,177.601,318.369,3,8.7,0.32,0.032876712
1387,157.285,319.033,1,3.487179487,0.285714286,0.01369863
1388,134.506,321.193,0,0,0,0
1389,182.506,319.908,0,2.25,0,0.00456621
1391,167.142,320.207,8,2.306666667,0.222222222,0.02283105
1392,188.421,320.08,0,1,0,0.001141553
1393,142.013,320.695,0,0,0,0
1394,149.295,321.58,0,1,0,0.000978474
1395,111.102,321.26,0,0,0,0
1396,118.665,322.448,0,0,0,0
1397,172.129,322.894,6,4.066666667,0.266666667,0.02739726
1398,161.621,323.435,3,2.913043478,0.333333333,0.01826484
1399,154.964,324.787,0,1.8,0,0.004892368
1400,177.838,324.546,0,2.583333333,0.444444444,0.01826484
1401,184.06,325.418,1,0.833333333,0,0.005707763
1402,137.745,325.824,0,1,0,0.001369863
1403,190.074,326.327,0,0.833333333,0,0.002283105
1404,123.642,326.856,0,0,0,0
1405,144.57,326.768,0,0.833333333,0,0.002283105
1406,166.041,327.075,3,1.308270677,0.321428571,0.017612524
1407,112.351,327.237,0,0,0,0
1408,150.519,328.481,0,0.833333333,0,0.002283105
1409,172.292,329.303,5,2,0.3125,0.017123288
1410,117.688,329.319,0,0,0,0
1411,132.217,329.892,0,1,0,0.001141553
1412,159.437,329.714,1,1.878787879,0.416666667,0.011415525
1413,178.492,330.429,1,2.333333333,0.366666667,0.012557078
1414,139.934,331.383,1,0.8,0,0.005479452
1415,184.689,331.215,0,0.555555556,0,0.006849315
1416,190.201,332.822,1,0.833333333,0,0.005707763
1417,123.895,332.398,0,0,0,0
1418,146.742,333.342,1,1.083333333,0,0.005707763
1419,154.226,333.405,0,2,0.285714286,0.007827789
1420,167.176,333.001,8,4.836363636,0.273684211,0.035616438
1421,161.427,335.299,4,7.717770035,0.248120301,0.032289628
1422,129.355,336.017,0,0,0,0
1424,173.382,335.364,5,5.420289855,0.219298246,0.028538813
1425,180.044,336.335,2,2.711111111,0.361111111,0.014840183
1426,141.289,337.457,0,0.5,0,0.006849315
1427,192.498,338.411,0,0.6,0,0.004109589
1428,150.995,338.757,2,1.222222222,0,0.011415525
1429,186.032,339.046,1,1.142857143,0,0.005870841
1430,167.486,339.209,19,3.559748428,0.701754386,0.091324201
1431,157.225,340.525,0,2.833333333,0.5,0.020547945
1432,174.056,341.628,6,7.111111111,0.254385965,0.033105023
1433,180.164,342.388,0,2.709090909,0.366666667,0.015068493
1434,162.434,342.825,6,7.602941176,0.289473684,0.037671233
1435,190.297,344.518,0,0.833333333,0,0.002283105
1436,168.887,345.521,5,5.697368421,0.25,0.032534247
1437,183.433,346.537,0,1.4,0,0.004109589
1438,176.382,348.011,2,3,0.458333333,0.018835616
1439,190.322,350.614,0,0,0,0
1440,290.446,298.321,0,0.8,0,0.002739726
1441,293.063,303.031,0,8.933333333,0.208333333,0.017123288
1442,291.761,311.44,0,2.6,0.32,0.010958904
1443,292.941,316.422,1,2.244897959,0.342857143,0.011741683
1444,292.06,325.86,0,3.875,0.428571429,0.020547945
1445,293.315,333.213,4,5.070707071,0.346153846,0.030821918
1446,294.839,340.172,13,4.269230769,0.75,0.066780822
1447,293.275,357.325,1,1.545454545,0.466666667,0.015981735
1448,288.892,351.936,1,2.090909091,0.266666667,0.00913242
1449,229.497,294.064,0,0,0,0
1450,251.627,293.865,0,1,0,0.000978474
1451,198.129,295.282,0,1,0,0.001141553
1452,239.542,295.462,0,1,0,0.001141553
1453,280.026,295.325,0,1,0,0.001369863
1454,223.609,295.917,0,1,0,0.001141553
1455,234.06,296.994,0,1,0,0.001141553
1456,273.679,296.334,0,1,0,0.001141553
1457,256.048,296.966,0,1,0,0.001141553
1458,207.18,298.288,0,1,0,0.001369863
1459,285.773,297.388,0,0,0,0
1460,216.887,297.576,0,1.444444444,0,0.003424658
1461,261.595,297.868,0,1,0,0.001141553
1462,248.778,298.176,0,0,0,0
1463,266.986,298.84,0,1,0,0.000978474
1464,228.008,299.763,0,0.857142857,0,0.001956947
1465,200.908,300.026,0,1,0,0.000978474
1466,243.498,299.572,0,0.833333333,0,0.002283105
1467,211.302,300.917,0,2,0,0.002283105
1468,222.239,300.424,1,1.4,0,0.006849315
1469,238.092,301.171,1,0.666666667,0,0.00456621
1470,281.789,300.527,0,1,0,0.001369863
1471,276.82,300.751,1,1,0,0.006849315
1472,252.866,301.323,0,1,0,0.001141553
1473,272.184,301.57,0,0.8,0,0.002739726
1474,258.136,302.006,0,1,0,0.001141553
1475,216.912,302.881,2,1.444444444,0,0.012557078
1476,232.835,302.846,0,0.6,0,0.004109589
1477,286.649,302.924,0,1,0,0.000978474
1478,263.759,302.865,0,1,0,0.001141553
1479,247.354,303.54,0,0.833333333,0,0.002283105
1480,205.484,304.683,0,0,0,0
1481,241.281,305.361,1,0.666666667,0,0.00456621
1482,269.788,305.403,1,1,0,0.006849315
1483,280.154,304.947,0,1,0,0.001369863
1484,199.865,304.893,0,1,0,0.001369863
1485,223.031,305.244,0,1.083333333,0,0.00456621
1486,228.664,305.934,1,0.833333333,0,0.005707763
1487,211.101,306.482,0,2,0,0.002283105
1488,235.432,307.693,1,0.571428571,0,0.003913894
1489,253.319,306.698,1,1,0,0.006849315
1490,259.735,307.317,0,1,0,0.001141553
1491,288.4,307.271,1,0.833333333,0,0.005707763
1492,265.482,308.502,0,1,0,0.001141553
1493,275.965,307.779,0,0.875,0,0.001712329
1494,217.694,308.346,0,2,0,0.002283105
1495,246.802,308.594,0,0.833333333,0,0.002283105
1496,283.21,308.542,0,1,0,0.001141553
1497,201.518,310.352,0,1,0,0.001141553
1498,241.785,310.721,0,0.833333333,0,0.002283105
1499,207.125,312.218,0,0,0,0
1500,223.827,310.91,0,0.857142857,0,0.001956947
1501,270.92,310.904,0,0.833333333,0,0.002283105
1502,230.949,311.855,0,0.833333333,0,0.002283105
1503,212.819,311.698,0,0,0,0
1504,250.562,312.116,0,1,0,0.001369863
1505,256.127,312.97,0,1,0,0.001141553
1506,261.594,312.792,0,0,0,0
1507,280.418,312.753,0,1,0,0.001141553
1508,236.478,313.433,0,1,0,0.001141553
1509,286.86,313.393,0,0.714285714,0,0.002935421
1510,217.936,314.153,0,1,0,0.001141553
1511,245.799,314.83,0,1,0,0.001141553
1512,275.241,313.822,0,0.8,0,0.002739726
1513,226.615,315.046,0,1,0,0.001712329
1514,266.806,314.226,0,1,0,0.001369863
1515,197.356,316.092,0,1,0,0.001141553
1516,202.948,316.618,0,0,0,0
1517,240.647,317.003,0,1,0,0.001141553
1518,212.207,316.897,0,0,0,0
1519,222.297,317.61,1,1,0,0.006849315
1520,283.872,317.605,0,0.714285714,0,0.002935421
1521,229.825,318.459,0,1,0,0.000978474
1522,271.283,318.202,1,0.714285714,0,0.004892368
1523,251.553,318.113,0,1,0,0.000978474
1524,259.151,318.242,0,0,0,0
1525,265.099,319.067,0,0.833333333,0,0.002283105
1526,277.633,318.645,1,0.857142857,0,0.005870841
1527,206.742,320.735,0,0,0,0
1528,235.694,319.85,0,0,0,0
1529,217.856,320.899,0,1,0,0.001141553
1530,245.576,320.961,1,0.833333333,0,0.005707763
1531,289.354,321.047,1,2.571428571,0,0.007827789
1532,200.28,322.276,0,0,0,0
1533,254.942,323.172,0,0,0,0
1534,283.903,323.043,0,0.666666667,0,0.003424658
1535,212.543,322.922,0,0,0,0
1536,223.821,323.716,0,1,0,0.001141553
1537,240.734,323.608,0,0.833333333,0,0.002283105
1538,230.031,324.089,0,0,0,0
1539,261.049,323.95,0,1,0,0.001141553
1540,278.776,324.357,0,0.666666667,0,0.003424658
1541,267.195,324.134,1,0.666666667,0,0.00456621
1542,273.073,323.97,0,0.333333333,0,0.005707763
1543,249.916,324.3,0,0.8,0,0.002739726
1544,235.532,326.335,0,0,0,0
1545,202.388,327.833,0,0,0,0
1546,209.433,327.387,0,0,0,0
1547,216.677,327.953,0,0,0,0
1548,245.386,328.174,1,0.833333333,0,0.005707763
1549,269.592,329.436,1,0.666666667,0,0.00456621
1550,287.497,328.417,0,2.5,0,0.006849315
1551,257.101,329.347,0,0,0,0
1552,275.772,329.375,1,0.666666667,0,0.00456621
1553,222.554,329.627,0,0,0,0
1554,282.471,329.624,1,0.857142857,0,0.005870841
1555,263.133,329.826,0,0.833333333,0,0.002283105
1556,229.11,330.062,0,0,0,0
1557,240.31,331.117,0,1,0,0.001141553
1558,250.81,330.262,0,1,0,0.001141553
1559,206.722,332.455,0,0,0,0
1560,212.704,334.794,0,0,0,0
1561,234.622,333.071,0,0,0,0
1562,287.975,334.001,0,8.315789474,0.243589744,0.021689498
1563,278.6,334.161,0,0.6,0,0.004109589
1564,266.381,335.113,0,1,0,0.001141553
1565,201.356,335.301,0,0.833333333,0,0.002283105
1566,218.478,334.743,0,0,0,0
1567,224.981,335.562,0,0,0,0
1568,252.837,336.11,0,0,0,0
1569,272.744,335.108,0,0.666666667,0,0.003424658
1570,246.035,335.321,0,1,0,0.000978474
1571,259.516,335.49,0,0,0,0
1572,231.344,337.773,0,0,0,0
1573,283.26,336.218,0,0.666666667,0,0.003424658
1574,238.653,338.169,0,0,0,0
1575,206.831,338.577,0,1,0,0.001369863
1576,197.485,340.649,1,0.833333333,0,0.005707763
1577,288.569,339.573,1,7.612244898,0.230769231,0.020547945
1578,216.983,340.688,0,0,0,0
1579,276.792,340.062,1,0.857142857,0,0.005870841
1580,244.054,341.363,0,1,0,0.001369863
1581,263.356,341.161,0,0,0,0
1582,269.641,340.719,0,0.833333333,0,0.002283105
1583,250.274,342.237,0,1,0,0.001141553
1584,257.151,341.215,0,0,0,0
1585,226.278,341.881,0,0,0,0
1586,211.109,342.728,0,1,0,0.000978474
1587,282.732,341.841,0,1.733333333,0,0.005707763
1588,202.996,343.301,1,0.833333333,0,0.005707763
1589,233.884,343.65,0,0,0,0
1590,239.612,345.512,0,1,0,0.001141553
1591,273.298,345.87,1,0.833333333,0,0.005707763
1592,289.855,345.388,3,8.666666667,0.294871795,0.026255708
1593,278.957,346.466,0,0.8,0,0.002739726
1594,216.193,346.982,0,0,0,0
1595,222.449,346.725,0,0,0,0
1596,261.003,347.145,0,1,0,0.001141553
1597,267.191,346.573,0,1,0,0.001141553
1598,254.439,347.32,0,0.833333333,0,0.002283105
1599,228.472,348.27,0,0,0,0
1600,284.448,347.798,0,1.333333333,0,0.006849315
1601,246.747,347.794,1,1.476190476,0,0.006849315
1602,204.332,348.583,0,1,0,0.001369863
1603,210.435,348.933,0,0,0,0
1604,234.251,350.234,0,0,0,0
1605,240.91,351.692,0,1.444444444,0,0.003424658
1606,270.688,351.536,0,1,0,0.001369863
1607,258.455,353.056,1,0.857142857,0,0.005870841
1608,276.681,352.074,0,0.8,0,0.002739726
1609,214.798,353.297,0,0,0,0
1610,222.136,352.543,0,0,0,0
1611,264.922,352.592,0,0.857142857,0,0.001956947
1612,197.747,352.588,0,0,0,0
1613,251.662,352.567,0,1,0,0.005479452
1614,246.777,354.98,2,1.4,0,0.012328767
1615,228.512,354.808,0,0,0,0
1616,282.568,353.69,1,0.8,0,0.005479452
1617,235.356,357.073,0,0,0,0
1618,218.512,357.882,0,0,0,0
1620,270.057,356.751,0,1,0,0.001712329
1621,241.453,357.479,0,2,0,0.00456621
1622,277.479,357.621,0,1,0,0.001712329
1623,251.984,359.103,0,1.333333333,0,0.005136986
1624,263.509,358.149,1,0.75,0,0.005136986
1625,258.103,358.783,0,0.75,0,0.003424658
1626,282.562,359.675,0,1,0,0.003424658
1627,388.163,312.335,1,0.857142857,0,0.005870841
1628,388.8,318.052,0,0.8,0,0.002739726
1629,388.821,325.864,0,0,0,0
1630,387.681,331.308,0,1,0,0.001141553
1631,387.204,336.905,0,0.833333333,0,0.002283105
1632,332.639,293.542,105,1.164983165,0.089855072,0.070776256
1633,343.466,293.922,115,1.243255601,0.115819209,0.093607306
1634,381.705,293.088,0,1.083333333,0,0.00456621
1635,358.429,294.735,57,11.93246009,0.31547619,0.155577299
1636,376.568,293.849,1,2.628571429,0.285714286,0.01369863
1637,364.305,296.52,13,15.8540146,0.216374269,0.084474886
1638,318.105,296.202,76,2.907219662,0.268796992,0.139921722
1639,369.965,296.972,7,2.617021277,0.282051282,0.025114155
1640,312.815,297.195,41,7.928104575,0.203947368,0.106164384
1641,340.522,298.03,93,0.946161049,0.088405797,0.069634703
1642,329.124,297.915,89,1.503348789,0.098412698,0.070776256
1643,334.948,297.92,104,0.907380608,0.088405797,0.069634703
1644,384.23,297.649,0,1,0,0.000978474
1645,295.494,298.682,1,5.807692308,0.319444444,0.026255708
1646,324.008,297.716,70,2.749241044,0.156357388,0.103881279
1647,300.469,298.747,8,3.318627451,0.333333333,0.038812785
1648,307.116,298.564,17,7.797101449,0.308943089,0.086757991
1649,353.538,297.632,52,11.64076041,0.258297258,0.175146771
1650,378.337,298.266,1,1,0,0.005479452
1651,346.282,298.729,97,4.099422196,0.122981366,0.096868885
1652,360.253,299.405,17,13.71721959,0.339181287,0.132420091
1653,390.767,296.682,0,0,0,0
1654,320.375,301.176,73,2.550326797,0.108247423,0.071917808
1655,373.186,300.54,2,2.98156682,0.365079365,0.022504892
1656,356.037,302.292,45,8.018195896,0.236111111,0.116438356
1657,315.625,302.058,52,5.80591716,0.236842105,0.123287671
1658,326.081,302.859,97,6.351848152,0.152847153,0.149706458
1659,331.158,302.662,92,3.364481636,0.092074592,0.090182648
1660,337.114,302.127,93,0.312217195,0.041666667,0.029680365
1661,350.801,302.109,72,7.5625,0.235690236,0.159817352
1662,366.284,301.679,9,4.679060665,0.325396825,0.040117417
1663,310.106,303.008,31,11.3200443,0.263736264,0.11741683
1664,303.994,302.252,12,4.153191489,0.193548387,0.04109589
1665,342.836,302.949,95,0.27702363,0.038461538,0.02739726
1666,380.43,302.302,0,2,0.285714286,0.007827789
1667,385.467,302.913,0,0,0,0
1668,389.572,300.735,0,0,0,0
1669,299.537,305.062,12,4.275423729,0.473214286,0.045376712
1670,347.196,305.246,94,3.844733985,0.131410256,0.093607306
1671,361.115,304.445,18,16.10441767,0.290909091,0.109589041
1672,369.927,305.309,7,2.461538462,0.444444444,0.02739726
1673,322.072,305.82,77,9.474858223,0.146853147,0.143835616
1674,374.953,305.776,4,2.574074074,0.380952381,0.01826484
1675,333.81,306.864,99,4.070340357,0.102097902,0.1
1676,338.927,306.951,87,0.431325301,0.113461538,0.080821918
1677,305.567,306.971,14,6.349056604,0.268817204,0.057077626
1678,352.651,307.105,53,6.103869654,0.228956229,0.155251142
1679,294.522,307.386,1,7,0.283333333,0.023287671
1680,311.008,308.94,26,13.3,0.256410256,0.114155251
1681,317.006,307.409,65,8.307835821,0.21875,0.137842466
1682,379.442,307.277,1,3,0.375,0.010273973
1683,384.976,307.589,0,0.833333333,0,0.002283105
1684,366.954,308.892,0,6.738461538,0.492424242,0.074200913
1685,329.362,309.342,143,4.349506579,0.327797203,0.321061644
1686,343.154,308.775,104,0.854823305,0.077586207,0.061643836
1687,362.346,309.194,22,17.26086957,0.277272727,0.104452055
1688,324.354,309.889,74,7.402841197,0.182983683,0.179223744
1689,357.082,309.356,55,10.28163265,0.315068493,0.157534247
1690,297.836,311.312,5,5.210884354,0.326530612,0.031311155
1691,347.569,311.021,99,5.107162089,0.16954023,0.134703196
1692,372.115,310.826,4,2.166666667,0.333333333,0.015981735
1693,303.171,311.387,6,5.202496533,0.346153846,0.061643836
1694,336.043,311.854,103,2.841269841,0.097902098,0.095890411
1695,315.648,312.672,46,12.39402985,0.222826087,0.140410959
1696,381.909,312.242,0,0.68,0,0.006849315
1697,351.947,312.941,73,7.965248227,0.207070707,0.140410959
1698,321.08,313.538,92,7.208413002,0.237003058,0.176940639
1699,308.774,313.427,22,6.856884058,0.275362319,0.086757991
1700,342.392,313.828,116,1.608228144,0.143874644,0.115296804
1701,362.011,313.877,20,11.77987421,0.221212121,0.083333333
1702,327.149,314.804,109,5.430093209,0.156177156,0.152968037
1703,355.978,315.086,29,16.15379061,0.348148148,0.193150685
1704,368.072,314.559,5,6.340277778,0.258333333,0.035388128
1705,376.642,312.205,0,1.466666667,0.833333333,0.02283105
1706,332.481,316.177,118,2.28115942,0.103729604,0.101598174
1707,347.792,317.052,80,3.254160363,0.163817664,0.131278539
1708,298.695,317.018,3,3.590909091,0.3,0.030821918
1709,303.817,316.819,15,8.8,0.305882353,0.071232877
1710,382.945,316.737,1,1.083333333,0,0.005707763
1711,337.824,316.811,94,0.828224583,0.161016949,0.130136986
1712,312.841,317.049,35,2.572052402,0.191836735,0.064383562
1713,318.1,318.082,49,8.577777778,0.222826087,0.140410959
1714,364.188,319.149,9,5.067846608,0.333333333,0.068493151
1715,374.769,316.606,2,3.079545455,0.28125,0.015410959
1716,308.329,319.804,34,5.560067682,0.26744186,0.078767123
1717,358.804,319.013,19,20.76595745,0.232098765,0.128767123
1718,323.617,319.152,88,7.935093509,0.181102362,0.157534247
1719,369.296,320.014,8,6.289308176,0.25,0.037671233
1720,342.447,319.513,117,1.803430691,0.142450142,0.114155251
1721,352.973,320.31,81,14.27240461,0.290225564,0.188845401
1722,314.233,322.153,43,6.467819404,0.185185185,0.102739726
1723,328.971,320.682,127,3.225598527,0.216535433,0.188356164
1724,379.123,320.676,0,1.291666667,0.444444444,0.00913242
1725,302.353,322.122,10,12.72916667,0.315789474,0.082191781
1726,320.41,323.199,67,5.622666667,0.195578231,0.131278539
1727,335.635,321.613,111,1.142696086,0.079865017,0.069471624
1728,296.182,322.013,4,3.210084034,0.342857143,0.023483366
1729,374.163,322.059,2,2.36,0.3,0.016438356
1730,384.63,322.031,0,1,0,0.001369863
1731,347.872,322.958,95,2.533739219,0.125356125,0.100456621
1732,359.23,324.086,30,21.47368421,0.283950617,0.157534247
1733,341.879,324.448,106,1.392531876,0.091168091,0.073059361
1734,365.581,325.007,22,7.125,0.4,0.082191781
1735,308.548,325.437,38,14.01210654,0.209876543,0.116438356
1736,325.073,325.411,74,4.90199637,0.190551181,0.165753425
1737,371.338,326.502,5,7.253333333,0.25,0.037671233
1738,331.04,325.981,97,3.623861566,0.158792651,0.138127854
1739,353.668,326.75,76,11.86251343,0.246498599,0.17221135
1740,336.354,327.758,117,1.903181189,0.141666667,0.116438356
1741,377.228,326.926,3,1.888888889,0.433333333,0.014840183
1742,301.976,327.171,8,13.37837838,0.285087719,0.074200913
1743,315.247,327.205,81,8.706228695,0.322157434,0.216242661
1744,296.923,328.255,7,1.890322581,0.375,0.020547945
1745,382.654,327.187,0,2.25,0,0.00456621
1746,347.499,328.265,102,1.851315083,0.158805031,0.115296804
1747,341.657,329.716,84,1.804802744,0.135042735,0.108219178
1748,321.316,330.26,98,3.054673721,0.198250729,0.133072407
1749,359.899,329.156,29,14.15536723,0.217105263,0.113013699
1750,305.954,330.511,36,16.79924242,0.255144033,0.141552511
1751,332.304,332.287,120,2.571168713,0.158792651,0.138127854
1752,367.322,330.557,9,8.189003436,0.344827586,0.068493151
1753,310.642,333.054,45,4.238341969,0.119929453,0.066536204
1754,327.15,331.053,86,1.53507014,0.14375,0.118150685
1755,316.375,332.624,53,9.060747664,0.229591837,0.154109589
1756,299.639,334.35,8,16.2780807,0.235119048,0.077299413
1757,350.792,332.715,72,4.348571429,0.143137255,0.1
1758,356.572,334.536,47,9.657708628,0.285714286,0.148727984
1759,374.35,332.056,1,3.320987654,0.407407407,0.025114155
1760,381.117,333.21,1,1.428571429,0,0.005870841
1761,363.043,334.271,23,8.566239316,0.258865248,0.083333333
1762,337.912,334.335,88,3.209692029,0.173228346,0.150684932
1763,344.819,334.618,86,2.850863422,0.125313283,0.097847358
1764,305.565,336.672,48,9.592417062,0.434027778,0.142694064
1765,369.961,336.117,8,7.959064327,0.297101449,0.046803653
1766,325.644,336.291,98,2.686827957,0.125984252,0.109589041
1767,320.163,338.588,91,11.57988506,0.202956989,0.172374429
1768,376.609,337.828,0,3,0.354166667,0.019406393
1769,314.369,337.868,44,7.507692308,0.145054945,0.090410959
1770,351.201,338.374,72,6.804435484,0.16969697,0.127853881
1771,332.058,338.547,127,1.571428571,0.138357705,0.12035225
1772,339.746,339.199,114,1.972559604,0.108923885,0.094748858
1773,361.184,339.276,27,8.278787879,0.248275862,0.098630137
1774,356.023,342.102,58,5.414258189,0.217592593,0.107305936
1775,301.349,340.269,7,16.38285714,0.295833333,0.097260274
1776,345.752,341.01,110,5.855555556,0.216374269,0.168949772
1777,367.009,341.456,13,7.710684274,0.319047619,0.06555773
1778,309.695,341.431,41,1.34837963,0.128472222,0.042237443
1779,325.968,342.236,124,1.970627503,0.159730034,0.138943249
1780,381.669,340.234,1,1.733333333,0,0.006849315
1781,372.569,341.653,3,4.751724138,0.292307692,0.026027397
1782,387.716,342.678,0,1,0,0.001369863
1783,305.742,345.231,26,11.91925466,0.342261905,0.112524462
1784,334.699,343.984,108,1.147704591,0.094047619,0.090182648
1785,315.132,343.526,38,10.23227666,0.261538462,0.163013699
1786,299.372,345.823,3,7.80952381,0.296703297,0.052837573
1787,351.062,344.723,51,5.680365297,0.233333333,0.175799087
1788,377.737,344.627,3,1.481481481,0.666666667,0.01369863
1789,319.83,346.11,87,11.90123457,0.220430108,0.187214612
1790,340.587,344.997,108,2.824039653,0.105952381,0.101598174
1791,361.474,345.414,30,14.20310078,0.308743169,0.128995434
1792,294.249,347.532,0,5.224,0.384615385,0.034246575
1793,312.236,348.393,46,10.74371859,0.236453202,0.140900196
1794,330.024,346.951,114,1.198879552,0.075,0.071917808
1795,372.151,347.318,2,5.210526316,0.358974359,0.03196347
1796,324.689,349.171,107,2.864914707,0.115591398,0.098173516
1797,346.323,347.484,89,10.25583039,0.211594203,0.2
1798,383.167,347.518,0,2.125,0,0.006849315
1799,357.252,349.264,61,9.993548387,0.321428571,0.154109589
1800,366.404,348.324,13,7.832,0.246666667,0.050684932
1801,303.067,350.844,14,8,0.384615385,0.068493151
1802,334.675,350.712,140,1.54958184,0.170238095,0.163242009
1803,340.953,351.039,138,4.634673584,0.236904762,0.22716895
1804,352.006,350.949,70,8.426761679,0.24906367,0.151826484
1805,296.551,352.423,5,5.666666667,0.297619048,0.028538813
1806,307.69,352.594,22,15.63888889,0.265625,0.116438356
1807,317.759,352.53,74,6.974273859,0.213084112,0.156164384
1808,376.69,350.727,0,1.777777778,0.5625,0.015410959
1809,329.033,354.136,113,1.406340058,0.065714286,0.063013699
1810,346.149,353.766,83,15.2021028,0.226449275,0.214041096
1811,312.564,355.364,64,14.47747748,0.398648649,0.202054795
1812,362.816,353.131,13,16.64864865,0.28852459,0.120547945
1813,334.697,356.587,116,2.72102649,0.121428571,0.116438356
1814,301.029,356.695,4,6.882051282,0.340909091,0.051369863
1815,322.967,355.645,104,3.045226131,0.123893805,0.095890411
1816,369.637,353.432,4,5.984375,0.461538462,0.04109589
1817,356.609,356.457,27,13.12085308,0.371428571,0.178082192
1818,340.868,357.322,97,5.250384025,0.178743961,0.168949772
1819,350.316,356.814,40,12.23030303,0.345381526,0.196347032
1820,307.176,358.904,16,25.69811321,0.34375,0.150684932
1821,400.466,294.221,0,0,0,0
1822,419.076,292.909,0,0,0,0
1823,414.6,296.149,0,0,0,0
1824,430.582,293.735,0,0,0,0
1825,457.779,291.362,0,0,0,0
1826,424.455,294.7,0,0,0,0
1827,447.466,293.479,0,0,0,0
1828,395.894,295.73,0,0,0,0
1829,435.3,295.387,0,0,0,0
1830,453.984,295.672,0,0,0,0
1831,405.144,296.651,0,0,0,0
1832,419.368,297.805,0,0,0,0
1833,409.935,298.667,0,0,0,0
1834,428.611,299.007,0,0,0,0
1835,444.569,298.174,0,0,0,0
1836,439.226,298.053,0,0,0,0
1837,460.348,296.835,0,0,0,0
1838,449.785,299.263,0,0,0,0
1839,399.772,299.424,0,0,0,0
1840,423.39,300.039,0,0,0,0
1841,434.146,300.417,0,0,0,0
1842,394.766,301.754,0,0,0,0
1843,415.433,301.502,0,0,0,0
1844,455.833,300.443,0,0,0,0
1845,410.522,303.702,0,0,0,0
1846,441.029,302.493,0,0,0,0
1847,390.819,306.367,0,1,0,0.001141553
1848,420.229,304.162,0,0,0,0
1849,398.81,304.733,0,0,0,0
1850,404.517,306.071,0,0,0,0
1851,431.53,304.854,0,0,0,0
1852,436.567,305.525,0,0,0,0
1853,415.03,306.988,0,0,0,0
1854,404.805,301.632,0,0,0,0
1855,456.24,305.672,0,0,0,0
1856,425.271,308.256,0,0,0,0
1857,451.392,304.262,0,0,0,0
1858,419.491,309.232,0,0,0,0
1859,409.327,308.316,0,0,0,0
1860,400.923,309.749,0,0,0,0
1861,394.898,309.31,0,1,0,0.001141553
1862,442.69,307.593,0,0,0,0
1863,450.774,309.23,0,0,0,0
1864,438.452,310.374,0,0,0,0
1865,411.91,311.796,0,0,0,0
1866,398.628,314.246,0,0,0,0
1867,405.844,312.638,0,0,0,0
1868,445.296,312.167,0,0,0,0
1869,416.376,313.749,0,0,0,0
1870,393.36,315.067,0,1,0,0.001141553
1871,421.793,314.172,0,0,0,0
1872,427.401,313.558,0,0,0,0
1873,437.736,314.237,0,0,0,0
1874,451.183,313.911,0,0,0,0
1875,432.643,315.53,0,0,0,0
1876,404.007,317.567,0,0,0,0
1877,410.808,316.608,0,0,0,0
1878,425.255,318.201,0,0,0,0
1879,442.145,317.115,0,0,0,0
1880,447.41,318.292,0,0,0,0
1881,398.768,320.214,0,0,0,0
1882,416.474,319.538,0,0,0,0
1883,452.647,319.024,0,0,0,0
1884,392.894,321.846,0,0,0,0
1885,431.011,320.141,0,0,0,0
1886,426.856,323.671,0,0,0,0
1887,410.268,321.415,0,0,0,0
1888,437.048,320.511,0,0,0,0
1889,404.415,323.447,0,0,0,0
1890,457.743,320.064,0,0,0,0
1891,443.069,322.225,0,0,0,0
1892,398.757,325.532,0,0,0,0
1893,415.496,325.208,0,0,0,0
1894,433.352,325.846,0,0,0,0
1895,409.848,326.682,0,0,0,0
1896,439.259,326.064,0,0,0,0
1897,393.568,328.444,0,0,0,0
1898,421.562,327.053,0,0,0,0
1899,428.414,329.17,0,0,0,0
1900,445.791,326.773,0,0,0,0
1901,398.823,331.528,0,0,0,0
1902,404.669,329.449,0,0,0,0
1903,441.253,330.494,0,0,0,0
1904,417.88,331.257,0,0,0,0
1905,411.129,331.815,0,0,0,0
1906,424.374,333,0,0,0,0
1907,435.598,331.429,0,0,0,0
1908,393.208,334.577,0,0,0,0
1909,404.752,335.067,0,0,0,0
1910,430.945,334.519,0,0,0,0
1911,415.189,335.882,0,0,0,0
1912,398.951,337.534,0,0,0,0
1913,420.769,337.256,0,0,0,0
1914,410.413,338.437,0,0,0,0
1915,404.966,340.744,0,0,0,0
1916,393.341,340.268,0,0,0,0
1917,416.501,341.518,0,0,0,0
1918,399.749,342.996,0,0,0,0
1919,389.832,347.851,0,0,0,0
1920,395.151,345.693,0,0,0,0
1921,477.348,291.315,0,0,0,0
1922,462.916,292.734,0,0,0,0
1923,484.142,286.744,0,0,0,0
1924,467.417,291.442,0,0,0,0
1925,423.559,198.877,0,0,0,0
1926,428.821,203.057,0,0,0,0
1927,447.471,214.457,0,0,0,0
1928,450.545,224.028,0,0,0,0
1929,457.064,224.09,0,0,0,0
1930,461.881,227.274,0,0,0,0
1931,456.894,231.168,0,0,0,0
1932,467.133,229.991,0,0,0,0
1933,465.06,238.814,0,0,0,0
1934,456.639,245.006,0,0,0,0
1935,475.847,243.828,0,0,0,0
1936,467.403,250.898,0,0,0,0
1937,474.085,251.969,0,0,0,0
1938,479.636,254.041,0,0,0,0
1939,467.722,262.081,0,0,0,0
1940,484.448,263.632,0,0,0,0
1941,478.945,264.657,0,0,0,0
1942,457.527,269.011,0,0,0,0
1943,478.861,270.384,0,0,0,0
1944,483.693,269.575,0,0,0,0
1945,462.782,271.811,0,0,0,0
1946,475.18,274.601,0,0,0,0
1947,456.09,274.978,0,0,0,0
1948,471.229,278.447,0,0,0,0
1949,452.093,279.554,0,0,0,0
1950,477.366,280.205,0,0,0,0
1951,461.875,282.56,0,0,0,0
1952,482.978,281.02,0,0,0,0
1953,434.642,282.381,0,0,0,0
1954,455.988,282.13,0,0,0,0
1955,478.599,285.782,0,0,0,0
1956,467.21,286.739,0,0,0,0
1957,448.402,287.879,0,0,0,0
1958,442.669,288.053,0,0,0,0
1959,472.644,289.028,0,0,0,0
1960,488.308,268.629,0,0,0,0
1961,487.272,277.035,0,0,0,0
1962,132.652,304.83,0,1,0,0.001141553
1963,481.703,293.59,0,0,0,0
1964,471.962,294.297,0,0,0,0
1965,466.351,296.816,0,0,0,0
1966,476.464,297.276,0,0,0,0
1967,481.004,299.678,0,0,0,0
1968,471.619,299.401,0,0,0,0
1969,466.677,302.258,0,0,0,0
1970,461.354,301.984,0,0,0,0
1971,446.441,304.229,0,0,0,0
1972,426.543,303.861,0,0,0,0
1973,471.677,304.121,0,0,0,0
1974,461.787,307.226,0,0,0,0
1975,467.456,307.621,0,0,0,0
1976,431.755,309.828,0,0,0,0
1977,456.949,310.468,0,0,0,0
1978,463.466,311.997,0,0,0,0
1979,456.846,315.051,0,0,0,0
1980,462.142,316.464,0,0,0,0
1981,421.34,321.296,0,0,0,0
1982,450.489,323.512,0,0,0,0
1983,427.064,338.437,0,0,0,0
1984,411.103,344.122,0,0,0,0
1985,405.489,346.318,0,0,0,0
1986,214.281,195.536,0,1.444444444,0,0.003424658
1987,337.029,233.004,102,1.180380279,0.071428571,0.061643836
1988,148.016,300.142,0,0.833333333,0,0.002283105
1989,220.387,340.553,0,0,0,0