Cell_ID,Centroid,Cell Position X,Cell Position Y,Fano factor,PV,NV
0,78,194.856,178.306,11.46111111,0.278688525,0.177083333
1,64,196.222,188.934,4.998045603,0.370967742,0.239583333
2,50,156.695,193.631,13.49333333,0.32079646,0.188802083
3,146,169.69,196.13,2.711135612,0.140522876,0.111979167
4,124,188.193,192.427,7.907711757,0.154833191,0.134672619
5,108,193.83,194.127,6.940044743,0.167808219,0.127604167
6,153,176.343,194.094,1.333008763,0.071856287,0.0625
7,103,188.279,180.357,5.327217125,0.185463659,0.128472222
8,110,178.448,181.495,2.333333333,0.197916667,0.1484375
9,133,184.139,185.044,2.49343832,0.11328976,0.090277778
10,122,191.706,185.618,5.259152052,0.175080559,0.121279762
12,144,176.419,187.857,2.286977887,0.112418301,0.089583333
13,121,169.14,189.428,3.368618619,0.161764706,0.12890625
15,153,182.456,191.289,1.641189931,0.086227545,0.075
16,102,163.768,193.116,11.80733083,0.215753425,0.1640625
17,40,149.794,194.235,12.09045226,0.289285714,0.10546875
18,0,290.785,170.79,0,0,0
19,0,290.483,177.829,0,0,0
20,0,293.681,183.556,0,0,0
21,0,294.17,191.351,0,0,0
22,1,219.729,197.23,5.04,0.4,0.027083333
23,0,225.413,196.456,2.3,0.4,0.008333333
24,0,235.971,192.944,0,0,0
25,0,241.754,195.497,0,0,0
26,0,249.94,196.753,0,0,0
27,0,257.282,194.559,0,0,0
28,0,268.572,194.628,0,0,0
29,0,282.177,194.405,0,0,0
30,0,285.55,198.726,0,0,0
31,0,291.033,196.521,0,0,0
33,0,273.589,169.656,0,0,0
34,0,280.225,167.85,0,0,0
35,0,240.484,168.706,0,0,0
36,0,246.569,168.927,0,0,0
37,0,260.13,171.338,0,0,0
38,0,231.395,171.199,0,0,0
39,0,266.991,171.141,0,0,0
40,0,252.144,171.812,0,0,0
41,0,284.738,172.429,0,0,0
42,0,224.475,173.581,3.916666667,0.3,0.0078125
43,0,236.519,174.483,0,0,0
44,5,216.908,174.05,5.293103448,0.458333333,0.028645833
45,0,243.634,174.694,0,0,0
46,0,278.308,174.939,0,0,0
47,0,271.626,175.813,0,0,0
48,11,210.45,174.787,25.58634538,0.309090909,0.088541667
49,0,249.858,178.034,0,0,0
50,0,264.41,176.993,0,0,0
51,40,201.04,176.42,12.18095238,0.373831776,0.208333333
52,0,257.209,177.197,0,0,0
53,0,229.578,178.825,0.857142857,0.285714286,0.001488095
54,0,283.918,178.095,0,0,0
55,55,206.515,179.289,28.88045977,0.323364486,0.180208333
56,1,221.624,179.256,6.222222222,0.25,0.015625
57,12,213.585,181.204,21.70461869,0.251948052,0.072172619
58,0,242.588,180.95,0,0,0
59,0,236.031,181.474,0,0,0
60,0,274.524,181.029,0,0,0
61,0,261.891,183.036,0,0,0
62,107,200.052,183.699,12.94633793,0.345433255,0.219494048
63,0,254.218,183.039,0,0,0
64,0,268.448,182.492,0,0,0
65,0,280.674,182.612,0,0,0
66,0,287.497,184.523,0,0,0
67,0,248.106,184.898,0,0,0
68,2,219.371,184.561,5.2,0.366666667,0.022916667
69,1,225.899,185.936,1.333333333,0.333333333,0.005208333
70,0,232.419,186.197,1,0.166666667,0.000868056
71,36,207.359,185.894,27.47976879,0.299065421,0.166666667
72,0,240.225,187.488,0,0,0
73,0,276.838,187.218,0,0,0
74,0,270.962,188.223,0,0,0
75,0,258.045,188.284,0,0,0
76,11,214.242,188.437,12.54277286,0.324074074,0.060763889
77,0,264.138,189.88,0,0,0
78,0,282.644,188.73,0,0,0
79,89,201.779,191.449,11.21775544,0.257936508,0.145089286
80,3,221.072,190.715,6.311827957,0.333333333,0.022569444
81,0,245.746,191.007,0,0,0
82,0,251.948,190.607,0,0,0
83,0,288.004,191.32,0,0,0
84,36,208.77,192.802,20.57333333,0.264044944,0.122395833
85,0,230.225,192.264,1,0.2,0.001041667
86,0,276.04,193.747,0,0,0
87,0,296.175,198.666,0,0,0
88,0,300.526,193.587,0,0,0
89,0,306.517,195.432,0,0,0
90,0,325.941,196.248,0,0,0
91,0,331.878,197.229,0,0,0
92,0,343.602,191.746,0,0,0
93,0,348.892,193.712,1,0.166666667,0.000868056
94,1,354.594,195.151,3.25,0.305555556,0.009548611
95,6,361.191,195.843,7.043478261,0.222222222,0.024305556
96,21,368.208,197.672,4.660436137,0.333333333,0.041666667
97,54,380.589,198.066,7.957620212,0.246987952,0.106770833
98,0,336.764,191.766,0,0,0
99,22,374.311,196.984,9.182300885,0.295384615,0.1
100,0,297.156,167.485,0,0,0
101,0,306.149,169.532,0,0,0
102,0,316.968,170.215,0,0,0
103,0,300.867,171.936,0,0,0
104,0,323.23,172.089,0,0,0
105,0,311.364,173.81,0,0,0
106,0,330.259,172.992,0,0,0
107,0,295.649,174.733,0,0,0
108,0,305.374,176.53,0,0,0
109,0,336.909,174.921,0,0,0
110,0,342.801,172.366,0,0,0
111,0,316.321,176.937,0,0,0
112,0,348.879,175.472,1,0.25,0.001302083
114,0,299.309,179.454,0,0,0
115,0,326.844,177.561,0,0,0
116,0,360.853,176.773,1.888888889,0.75,0.015625
117,0,321.248,179.08,0,0,0
118,0,332.113,180.287,0,0,0
119,0,343.903,179.056,0,0,0
120,0,310.651,180.415,0,0,0
121,0,337.871,181.2,0,0,0
122,4,368.09,178.818,20.35294118,0.35,0.072916667
123,1,355.335,182.1,2.5,0.291666667,0.006076389
124,0,304.904,183.115,0,0,0
125,0,315.614,183.868,0,0,0
126,0,348.237,184.264,1,0.142857143,0.000744048
127,4,362.322,182.893,9.063063063,0.241666667,0.025173611
129,0,326.946,184.654,0,0,0
130,40,374.158,184.098,17.44444444,0.373076923,0.126302083
131,20,368.297,184.659,12.40606061,0.345,0.071875
132,0,320.684,185.967,0,0,0
133,0,299.265,186.825,0,0,0
134,0,341.481,185.908,0,0,0
135,0,334.046,186.628,0,0,0
136,0,310.679,188.144,0,0,0
137,0,352.65,188.118,0.6,0.6,0.003125
138,47,386.348,186.299,3.319391635,0.301204819,0.130208333
139,65,379.353,190.298,9.984079602,0.313253012,0.135416667
140,1,358.822,188.929,2.733333333,0.357142857,0.013020833
141,0,305.005,189.36,0,0,0
142,7,365.242,190.242,7.518072289,0.375,0.046875
143,24,372.073,190.834,12.41541039,0.212820513,0.072048611
144,0,316.599,191.997,0,0,0
145,0,322.803,191.103,0,0,0
146,0,329.483,191.122,0,0,0
147,83,385.473,193.245,2.164021164,0.281124498,0.121527778
148,0,311.787,195.624,0,0,0
149,57,390.92,196.83,1.166336634,0.212851406,0.092013889
150,78,396.106,193.373,5.7,0.222222222,0.09375
151,76,407.578,196.104,7.660740741,0.182795699,0.088541667
152,29,400.058,188.155,11.83707865,0.583333333,0.236979167
153,68,391.516,189.738,3.292792793,0.171686747,0.07421875
154,71,402.247,193.942,6.788785047,0.184946237,0.089583333
155,25,412.15,192.505,13.11976048,0.605263158,0.239583333
156,1,100.554,229.925,4.564102564,0.25,0.010416667
157,0,96.4987,240.079,2.333333333,0.291666667,0.006076389
158,2,98.3849,245.018,2.066666667,0.45,0.009375
159,0,97.2214,254.919,2.5,0.333333333,0.005208333
160,0,94.9318,259.983,1,0.166666667,0.000868056
161,5,98.217,271.823,14.56539235,0.30952381,0.048363095
162,2,97.8104,277.462,17.69791667,0.322222222,0.050347222
163,1,98.2482,282.912,17.11111111,0.4,0.052083333
164,0,77.0024,290.782,0,0,0
165,0,82.7545,291.081,0,0,0
166,0,91.6378,293.199,3,0.166666667,0.002604167
167,0,94.3599,226.531,1,0.333333333,0.001736111
168,0,91.4167,232.217,1,0.25,0.001302083
169,1,96.6277,234.625,0.8,0.8,0.004166667
170,0,84.3475,237.377,0,0,0
171,0,90.7575,237.668,1,0.166666667,0.000868056
172,0,87.4241,242.823,1,0.2,0.001041667
173,0,77.92,239.588,0,0,0
174,0,92.4278,244.849,1.444444444,0.25,0.002604167
175,0,81.5527,244.424,1,0.166666667,0.000868056
176,0,74.9107,246.168,0,0,0
177,1,86.4012,248.757,1,1,0.005208333
178,0,79.1148,250.22,1,0.166666667,0.000868056
179,0,94.2171,249.718,1.722222222,0.333333333,0.005208333
180,0,73.5394,252.611,0,0,0
181,0,83.3387,253.939,1,0.166666667,0.000868056
182,0,90.41,254.36,1,0.166666667,0.000868056
183,0,67.4323,255.718,0,0,0
184,0,77.5582,257.063,0,0,0
185,0,86.7273,258.911,0,0,0
186,0,71.3174,259.502,0,0,0
187,0,81.4209,262.032,0,0,0
188,0,64.5902,262.112,0,0,0
189,0,75.1689,263.942,0,0,0
190,0,90.0873,263.579,1,0.166666667,0.000868056
191,0,69.2079,266.074,0,0,0
192,0,85.424,267.375,0,0,0
193,1,96.6238,265.63,7.254901961,0.272727273,0.015625
194,0,79.3701,268.624,0,0,0
195,0,63.4588,268.287,0,0,0
196,0,91.492,270.067,4.055555556,0.2,0.005208333
197,0,73.0373,270.723,0,0,0
198,0,67.433,272.941,0,0,0
199,0,78.2948,274.281,0,0,0
200,0,85.4246,273.72,0,0,0
201,0,60.2623,273.668,0,0,0
202,0,91.5354,276.123,3.041666667,0.266666667,0.006944444
203,0,72.1861,277.135,0,0,0
204,0,65.0189,278.436,0,0,0
205,0,77.8199,279.918,0,0,0
206,0,84.682,280.036,1,0.166666667,0.000868056
207,1,90.7964,281.912,1.142857143,0.428571429,0.004464286
208,0,70.0093,283.019,0,0,0
209,0,63.7718,283.783,0,0,0
210,0,75.7805,285.207,0,0,0
211,0,82.3104,285.455,1,0.142857143,0.000744048
212,0,95.3013,288.064,19.73333333,0.2,0.026041667
213,0,88.5335,287.872,1,0.166666667,0.000868056
214,0,70.6921,289.445,0,0,0
215,143,196.855,204.357,5.230339321,0.196347032,0.149305556
216,141,194.373,210.998,3.703163017,0.104294479,0.088541667
217,140,195.845,222.452,2.549751244,0.107526882,0.086805556
218,155,195.728,228.849,2.322534197,0.170967742,0.138020833
219,150,195.083,234.938,2.652197285,0.135483871,0.109375
220,135,198.594,239.567,2.692167577,0.106666667,0.083333333
221,150,192.668,241.239,1.581298701,0.103730664,0.084821429
222,123,194.17,248.198,1.982438701,0.140503876,0.125868056
223,157,194.365,253.212,2.407156673,0.109496124,0.098090278
224,132,195.829,258.957,1.789333333,0.139759036,0.120833333
225,165,194.509,264.045,1.915093219,0.111836735,0.101934524
226,159,195.041,272.907,1.277899344,0.072727273,0.0625
227,157,195.495,279.166,1.031347212,0.068361087,0.058035714
228,156,193.74,284.733,0.925773196,0.082802548,0.067708333
229,132,193.734,290.401,0.851316635,0.115853659,0.098958333
230,3,98.4137,294.089,30.6407355,0.262337662,0.07514881
231,55,107.226,290.288,50.32194381,0.296747967,0.253472222
232,152,121.758,291.319,1.867160951,0.070409982,0.068576389
233,187,127.649,293.793,2.88184438,0.23885918,0.232638889
234,122,133.451,291.315,3.096713615,0.188057041,0.183159722
235,120,151.958,293.57,0.576453697,0.061076605,0.04389881
236,148,163.348,294.4,1.537634409,0.189189189,0.145833333
237,105,168.277,291.448,1.88033241,0.124324324,0.095833333
238,137,176.117,293.909,2.926701571,0.098837209,0.088541667
239,137,181.154,293.446,1.230508475,0.073255814,0.065625
240,149,186.052,294.099,1.273062731,0.082364341,0.073784722
241,164,114.945,290.789,15.96800948,0.308943089,0.263888889
242,13,144.02,197.023,8.939393939,0.366666667,0.076388889
243,70,153.408,199.139,14.72836538,0.256637168,0.151041667
244,167,183.086,198.238,1.052123552,0.130025663,0.113095238
245,113,161.767,198.84,10.3026998,0.198630137,0.151041667
246,146,190.582,199.682,4.31914313,0.139435415,0.121279762
247,143,174.552,200.571,2.622377622,0.097804391,0.085069444
248,26,147.342,202.449,11.6374502,0.210204082,0.076636905
249,9,140.55,201.969,5.075,0.4,0.054166667
250,4,134.937,201.334,4.980952381,0.351851852,0.032986111
251,129,168.258,202.704,1.84036488,0.100456621,0.076388889
252,77,157.864,203.7,9.762655602,0.215929204,0.127083333
253,155,179.485,203.883,4.7089701,0.122994652,0.119791667
254,4,129.379,205.405,4.511627907,0.319444444,0.029947917
255,143,184.843,205.208,2.6,0.108734403,0.105902778
256,40,152.686,206.129,10.51870968,0.322077922,0.129166667
257,112,163.065,206.204,6.004784689,0.168992248,0.113541667
258,124,190.256,206.287,1.079069767,0.142331288,0.120833333
259,18,135.776,207.446,5.102564103,0.326923077,0.044270833
260,108,173.689,207.342,4.580952381,0.199643494,0.194444444
261,26,142.224,207.977,2.113333333,0.209876543,0.029513889
262,27,148.571,209.633,10.64176496,0.217068646,0.087053571
263,5,124.446,209.804,2.816216216,0.316666667,0.019791667
264,126,167.676,209.797,3.843075961,0.134199134,0.092261905
265,70,157.857,210.196,14.93916178,0.249433107,0.163690476
266,187,179.811,210.435,4.249443915,0.231729055,0.225694444
267,12,130.364,212.518,3.238586156,0.292857143,0.030505952
268,163,186.585,212.026,3.145757796,0.12987013,0.126488095
269,0,118.299,207.937,4.511111111,0.555555556,0.026041667
270,18,136.467,213.573,1.246376812,0.153846154,0.020833333
271,26,142.924,214.017,1.827027027,0.166666667,0.030381944
272,132,173.73,213.726,4.726418261,0.114973262,0.111979167
273,9,119.291,214.226,2.774509804,0.537037037,0.025173611
274,1,113.477,212.797,4.166666667,0.333333333,0.015625
275,7,124.543,216.219,0.978181818,0.261538462,0.017708333
276,105,161.023,215.481,6.154765751,0.174242424,0.119791667
277,35,148.923,215.661,11.15,0.191558442,0.076822917
278,77,154.199,215.48,12.70073638,0.273469388,0.149553571
279,132,167.319,215.773,3.102929533,0.126984127,0.097222222
280,140,192.475,216.528,1.423167849,0.070552147,0.059895833
281,2,108.854,214.809,0.25,0.166666667,0.002604167
282,161,179.744,217.042,3.087717279,0.10618793,0.103422619
283,13,128.823,219.302,1.471544715,0.191666667,0.019965278
284,123,185.447,218.009,2.830291386,0.167597765,0.15625
285,3,115.555,219.116,3,0.314814815,0.014756944
286,20,133.329,220.294,1.875,0.241758242,0.032738095
287,18,138.404,219.994,1.826666667,0.233333333,0.042534722
288,2,103.534,218.084,0.666666667,0.333333333,0.003472222
289,35,145.669,220.286,9.772121212,0.19047619,0.076388889
290,147,173.868,220.166,4.503749148,0.121485944,0.105034722
291,2,109.026,221.404,0.5,0.222222222,0.003472222
292,9,121.392,221.631,2.775641026,0.294871795,0.019965278
293,84,155.871,221.162,5.16875,0.160550459,0.091145833
294,109,162.573,222.006,4.528955768,0.156565657,0.107638889
295,91,168.099,221.737,5.488030888,0.278313253,0.240625
296,126,189.808,221.622,4.495331695,0.116201117,0.108333333
297,0,101.704,223.973,1.1,0.533333333,0.008333333
298,11,126.779,225.331,3.666666667,0.241666667,0.025173611
299,52,150.213,224.479,7.209937888,0.231292517,0.101190476
300,149,178.589,224.406,2.965584941,0.109105181,0.103422619
301,179,184.455,224.422,3.968325792,0.260973663,0.243303571
302,2,114.09,225.037,1.12,0.4,0.00625
303,32,142.272,224.995,4.248543689,0.207692308,0.05625
304,10,131.355,227.916,3.250276855,0.302197802,0.040922619
305,166,172.492,226.337,5.690849673,0.159340659,0.151041667
306,3,106.882,227.235,3.3125,0.3125,0.013020833
307,26,137.274,227.253,3.833097595,0.179401993,0.040178571
308,78,157.687,226.82,9.083613917,0.174242424,0.119791667
309,106,190.781,226.802,4.555555556,0.224581006,0.209375
310,0,119.95,227.562,5.393939394,0.488888889,0.038194444
311,132,165.602,227.79,9.666063894,0.199655766,0.172619048
312,43,145.459,229.423,5.701754386,0.233333333,0.078993056
313,59,151.945,229.823,3.050147493,0.177083333,0.073784722
314,130,183.463,229.682,3.361069519,0.17032967,0.161458333
315,0,113.419,230.157,5.861111111,0.4,0.03125
316,7,124.995,231.188,2.866666667,0.364583333,0.030381944
317,182,178.026,231.025,2.110185185,0.177655678,0.168402778
318,131,189.184,231.588,4.690179806,0.125698324,0.1171875
319,26,135.545,232.274,2.20952381,0.237037037,0.033333333
320,80,160.259,231.906,9.955897436,0.175059952,0.126736111
321,8,107.234,232.416,3.580246914,0.604166667,0.025173611
322,153,171.801,232.113,2.115191463,0.086996337,0.082465278
323,27,141.637,233.202,6.868766404,0.207692308,0.0703125
324,15,118.988,233.671,5.649717514,0.481481481,0.045138889
325,75,154.546,235.354,3.246464646,0.157088123,0.071180556
326,139,165.89,233.946,7.215414258,0.17965368,0.144097222
327,16,129.84,235.262,2.87037037,0.230769231,0.03125
328,65,148.242,234.937,4.976851852,0.255555556,0.099826389
329,0,101.642,236.688,3.777777778,0.4375,0.018229167
330,8,113.072,235.859,3.593137255,0.277777778,0.026041667
331,164,183.213,235.559,3.823135755,0.126373626,0.119791667
332,113,189.336,236.384,2.456647399,0.22804878,0.194791667
333,11,123.875,237.755,3.67816092,0.244791667,0.040798611
334,136,177.031,236.852,1.608974359,0.128205128,0.121527778
335,87,159.963,237.828,7.647763947,0.189448441,0.137152778
336,21,135.617,237.965,5.843333333,0.25177305,0.061631944
337,46,142.501,238.41,6.14801444,0.217948718,0.073784722
338,7,107.33,238.206,2.569230769,0.283333333,0.017708333
339,154,171.312,238.112,0.971659919,0.097402597,0.078125
340,18,118.004,240.21,4,0.234375,0.0390625
341,120,165.411,239.658,4.516942675,0.17012987,0.136458333
342,45,148.404,240.295,6.85380117,0.242063492,0.105902778
343,17,129.256,241.445,5.369047619,0.212765957,0.052083333
344,157,186.686,241.331,3.013547574,0.101325758,0.092881944
345,12,111.936,242.279,3.076923077,0.305555556,0.028645833
346,84,155.809,241.49,10.58802817,0.161835749,0.116319444
347,164,181.037,241.568,1.561538462,0.081818182,0.075
348,4,104.312,243.069,4.087557604,0.273809524,0.017113095
349,139,174.956,242.87,1.125110132,0.095238095,0.083333333
350,47,137.391,242.901,4.716108453,0.425531915,0.104166667
351,147,168.649,243.741,2.999476714,0.119047619,0.104166667
352,32,122.748,244.314,2.470737913,0.484375,0.080729167
353,26,143.71,244.157,3.638297872,0.293103448,0.088541667
354,58,151.149,244.643,9.015,0.257936508,0.112847222
355,138,161.592,244.375,5.679178127,0.232264334,0.177827381
356,13,116.645,246.204,4.742690058,0.234375,0.0390625
357,27,132.966,246.431,4.805586592,0.225531915,0.055208333
358,134,189.387,246.327,2.855263158,0.147727273,0.135416667
359,3,109.636,247.361,4.827160494,0.343137255,0.030381944
360,176,184.308,247.719,1.526890756,0.118181818,0.108333333
361,21,126.918,248.203,2.87654321,0.214285714,0.046875
362,81,156.998,247.783,8.587759231,0.190821256,0.137152778
363,25,138.744,248.863,1.849843587,0.224924012,0.055059524
364,3,101.771,249.541,1,0.321428571,0.006696429
365,168,174.461,248.694,2.96107056,0.215277778,0.188368056
366,119,163.381,249.591,4.366081144,0.138969874,0.10639881
367,107,168.467,248.19,3.109913793,0.177579365,0.155381944
368,35,146.121,249.083,7,0.237089202,0.087673611
369,19,120.407,250.64,2.270440252,0.21875,0.036458333
370,71,152.305,250.436,8.318607764,0.202160494,0.113715278
371,17,113.875,252.397,7.933797909,0.289915966,0.051339286
372,2,107.625,252.513,5.605405405,0.294117647,0.026041667
373,42,131.45,252.202,1.545454545,0.337301587,0.073784722
374,149,180.977,252.655,3.618869103,0.130681818,0.119791667
375,108,158.912,253.1,3.13125,0.193277311,0.119791667
376,172,188.159,252.277,2.098972923,0.12987013,0.119047619
377,127,169.788,253.144,4.915151515,0.125992063,0.110243056
378,38,142.246,253.291,2.836697248,0.16,0.045833333
379,122,175.686,254.182,3.29811455,0.118055556,0.103298611
380,31,124.683,255.252,4.103896104,0.211428571,0.055059524
381,55,148.067,255.003,10.80051739,0.266369048,0.133184524
382,34,136.471,255.153,7.199513382,0.155555556,0.060763889
383,3,103.085,255.992,3.870588235,0.288888889,0.013541667
384,92,164.793,255.199,4.735947712,0.168965517,0.127604167
385,26,118.082,256.625,6.784946237,0.233333333,0.060763889
386,90,154.178,256.263,3.47718082,0.146604938,0.082465278
387,9,109.061,258.174,11.06692407,0.348739496,0.061755952
388,29,130.213,257.705,8.944444444,0.280590717,0.115451389
389,161,184.633,257.923,2.313469894,0.098095238,0.089409722
390,152,190.314,258.213,1.305804907,0.085714286,0.078125
391,31,141.917,258.337,9.733333333,0.345238095,0.172619048
392,119,178.65,258.443,1.820975284,0.170807453,0.143229167
393,79,159.975,258.748,0.861586314,0.138888889,0.078125
394,145,171.587,258.534,3.907237513,0.184065934,0.149553571
395,75,135.744,261.037,17.37003058,0.258474576,0.158854167
396,81,150.261,260.056,7.537179487,0.206597222,0.103298611
397,0,101.744,261.301,9.61038961,0.314285714,0.032738095
398,34,113.992,261.657,8.720064725,0.32,0.083333333
399,95,165.949,260.491,5.298221614,0.140229885,0.105902778
400,46,124.894,261.695,11.2006192,0.252272727,0.115625
401,50,119.735,262.502,9.203076923,0.191287879,0.087673611
402,96,144.843,262.645,6.206944444,0.333333333,0.166666667
403,93,156.163,263.134,3.832298137,0.108742004,0.075892857
404,156,175.554,263.442,2.030961792,0.101796407,0.088541667
405,175,187.993,263.411,1.073872237,0.118095238,0.107638889
406,79,129.395,263.958,12.3823712,0.223163842,0.137152778
407,20,108.456,264.134,13.55936073,0.286666667,0.074652778
408,86,162.307,264.152,4.061488673,0.165422886,0.115451389
409,125,169.801,264.169,6.537931034,0.176282051,0.143229167
410,146,181.661,263.076,2.418787308,0.105714286,0.096354167
411,70,139.705,265.413,9.281681682,0.201977401,0.124131944
412,74,150.405,265.422,2.142705005,0.166666667,0.095486111
413,11,102.609,267.033,9.169491525,0.427272727,0.048958333
414,118,133.918,267.892,4.501268392,0.241046832,0.151909722
415,109,166.503,268.883,4.517378656,0.141929499,0.113839286
416,50,114.984,267.985,23.4959905,0.263824885,0.170386905
417,88,121.959,267.995,11.64069264,0.237903226,0.153645833
418,154,172.215,269.021,2.985858586,0.117764471,0.102430556
419,137,184.979,267.913,2.65482866,0.141904762,0.129340278
420,73,144.436,268.76,2.50990099,0.153030303,0.087673611
421,99,154.229,269.252,4.879603399,0.150497512,0.105034722
422,134,160.384,268.935,2.586594692,0.245024876,0.171006944
423,167,178.863,268.232,0.662309368,0.097804391,0.085069444
424,165,190.943,268.886,2.418509419,0.097142857,0.088541667
425,102,127.189,270.168,3.376754386,0.15625,0.104166667
426,22,107.806,270.305,27.55555556,0.245519713,0.118923611
427,110,148.845,271.826,5.982854261,0.199275362,0.143229167
428,92,138.808,271.732,4.268256334,0.152892562,0.096354167
429,162,181.078,273.959,1.91291866,0.098802395,0.0859375
430,118,186.244,272.744,2.401769912,0.237575758,0.204166667
431,124,120.021,273.652,10.13024722,0.189594356,0.159970238
432,121,132.462,273.881,1.416666667,0.115885417,0.077256944
433,149,176.027,273.225,1.139416984,0.070858283,0.061631944
434,93,113.072,273.663,22.19356955,0.331989247,0.214409722
435,120,158.166,274.191,3.480548187,0.149253731,0.104166667
436,100,163.915,274.078,1.505521472,0.143034826,0.099826389
437,30,104.883,275.278,33.51851852,0.311827957,0.151041667
438,76,152.546,274.837,4.110083664,0.27173913,0.1953125
439,130,170.064,274.651,2.900930487,0.116883117,0.09375
440,128,126.543,276.246,3.916853095,0.121399177,0.102430556
441,91,144.224,275.098,4.681866762,0.144927536,0.104166667
442,163,190.568,275.503,2.120493359,0.091919192,0.078993056
443,106,138.106,277.347,1.718185821,0.099206349,0.065104167
444,159,184.998,278.261,2.470878578,0.116564417,0.098958333
445,137,175.521,278.209,1.064670659,0.077124183,0.061458333
446,114,116.304,279.461,8.162195122,0.170781893,0.144097222
447,123,154.375,279.717,3.908256881,0.154589372,0.111111111
448,75,110.263,279.462,19.3498861,0.314035088,0.186458333
449,105,133.16,279.58,3.970870206,0.169678715,0.146701389
450,102,160.163,279.463,1.447530864,0.097560976,0.0625
451,120,165.616,279.23,2.633497133,0.110344828,0.083333333
452,138,149.047,279.973,3.76477146,0.214285714,0.154017857
453,162,122.097,281.104,2.164251208,0.172839506,0.145833333
454,153,179.847,281.41,1.447916667,0.085648148,0.072265625
455,116,142.983,280.46,2.60112835,0.120289855,0.086458333
456,145,170.698,280.387,0.878756477,0.135172414,0.102083333
457,25,104.533,281.423,38.26153846,0.29248366,0.155381944
458,133,189.862,281.213,1.408150271,0.134969325,0.114583333
459,152,128.21,282.138,3.781625442,0.13373494,0.115625
460,126,138.514,283.939,3.87342242,0.118473896,0.102430556
461,121,174.559,284.102,1.901523202,0.119825708,0.095486111
462,125,184.793,283.674,1.269293163,0.142138365,0.117708333
463,98,162.445,284.371,1.177293935,0.108333333,0.067708333
464,132,145.547,285.226,1.346110485,0.089569161,0.068576389
465,93,157.004,284.605,1.354740061,0.149333333,0.097222222
466,102,110.877,285.147,31.68370221,0.304878049,0.260416667
467,150,118.402,285.879,4.095238095,0.12804878,0.109375
468,119,168.352,285.418,1.661058428,0.074876847,0.056547619
469,166,133.32,286.187,3.098183089,0.208835341,0.180555556
470,111,151.947,286.509,1.574109936,0.110766046,0.079613095
471,151,178.413,287.828,1.457852396,0.117647059,0.09375
472,136,126.438,287.402,2.483059728,0.127578304,0.124255952
473,139,183.849,288.5,0.798611111,0.072510823,0.058159722
474,25,102.417,287.526,42.21023082,0.259103641,0.13764881
475,154,189.024,287.741,1.018893387,0.10042735,0.081597222
476,111,163.537,288.992,3.050062578,0.108108108,0.083333333
477,115,172.757,289.557,1.835244648,0.09602649,0.075520833
478,147,140.165,289.629,2.716107208,0.12908778,0.111607143
479,117,147.238,290.051,1.308388815,0.082993197,0.063541667
480,125,157.524,289.999,2.505171042,0.10472973,0.080729167
481,0,293.43,206.078,0,0,0
482,0,291.389,214.567,0,0,0
483,0,290.285,219.943,0,0,0
484,0,294.243,227.797,0,0,0
485,0,291.304,236.359,0,0,0
486,0,287.78,251.216,0,0,0
487,0,291.831,254.174,0,0,0
488,0,293.379,258.791,0,0,0
489,0,293.31,266.627,0,0,0
490,0,292.309,271.309,0,0,0
491,0,291.757,276.413,1,0.2,0.001041667
492,1,294.02,281.113,1,1,0.005208333
493,0,290.617,285.101,1,0.166666667,0.000868056
494,0,294.269,288.954,0,0,0
495,145,204.174,294.129,0.483957545,0.051865332,0.042410714
496,157,208.533,290.509,2.360675513,0.143949045,0.117708333
497,140,212.407,294.144,1.907730673,0.097929936,0.080078125
498,120,218.876,292.583,16.8132739,0.267857143,0.1953125
499,38,225.192,290.447,30.37810945,0.270833333,0.169270833
500,1,235.577,291.36,8.676767677,0.274509804,0.024305556
501,1,241.295,290.181,1.333333333,0.277777778,0.004340278
502,1,245.304,294.241,0.666666667,0.666666667,0.003472222
503,0,257.82,292.096,0,0,0
504,0,263.486,293.548,0,0,0
505,0,268.88,293.677,0,0,0
506,0,291.749,293.45,0,0,0
507,0,294.717,233.201,0,0,0
508,0,293.467,249.314,0,0,0
509,65,204.457,197.907,13.79701493,0.315789474,0.15625
510,92,198.354,198.256,8.311653117,0.175799087,0.133680556
511,0,262.278,197.938,0,0,0
512,0,230.898,199.219,3.171428571,0.178571429,0.003720238
513,0,273.496,198.769,0,0,0
514,0,237.088,199.909,0,0,0
515,0,279.433,200.627,0,0,0
516,0,256.689,200.648,0,0,0
517,25,209.207,201.382,22.53995434,0.303508772,0.150173611
518,0,244.567,200.839,0,0,0
519,0,267.455,200.962,0,0,0
520,9,215.433,202.592,18.46417445,0.258503401,0.065972222
521,4,222.389,203.083,3.922077922,0.380952381,0.017857143
522,0,289.628,202.832,0,0,0
523,0,250.555,203.498,0,0,0
524,1,228.364,204.667,1.857142857,0.25,0.005208333
525,95,203.612,204.928,15.70891178,0.217782218,0.162202381
526,0,262.552,205.661,0,0,0
527,0,274.762,204.258,0,0,0
528,0,283.952,205.302,0,0,0
529,0,234.521,206.34,0.857142857,0.285714286,0.001488095
530,0,240.144,205.355,0,0,0
531,0,256.351,206.287,0,0,0
532,0,269.112,206.348,0,0,0
533,0,245.247,207.621,0,0,0
534,0,279.627,208.501,0,0,0
535,49,209.323,208.271,27.4849537,0.349122807,0.172743056
536,6,216.966,208.065,21.35598706,0.261904762,0.066840278
537,0,288.869,209.327,0,0,0
538,1,223.533,209.197,1.566666667,0.361111111,0.011284722
539,94,200.512,210.097,9.227350427,0.228571429,0.183333333
540,0,250.603,209.688,0,0,0
541,0,273.558,210.547,0,0,0
542,1,229.846,210.595,0.555555556,0.25,0.002604167
543,0,267.612,211.863,0,0,0
544,0,240.311,211.451,0,0,0
545,0,258.181,211.289,0,0,0
546,29,213,212.911,22.26470588,0.348888889,0.136284722
547,75,205.229,213.482,17.75433912,0.202226345,0.162202381
548,0,262.672,213.159,0,0,0
549,0,283.686,212.632,0,0,0
550,0,252.894,214.268,0,0,0
551,5,218.933,214.012,10.36410256,0.252873563,0.038194444
552,0,235.198,213.956,0.833333333,0.333333333,0.001736111
553,0,277.154,214.35,1,0.142857143,0.000744048
554,0,246.476,214.632,0,0,0
555,2,224.252,215.228,2.314814815,0.285714286,0.010416667
556,59,209.66,217.789,13.95641026,0.304597701,0.138020833
557,154,199.259,216.743,7.447860157,0.263450835,0.211309524
558,1,230.106,216.76,0.68,0.3,0.003125
559,0,240.469,217.386,0,0,0
560,0,271.264,216.808,1,0.166666667,0.000868056
561,0,285.652,217.187,0,0,0
562,0,258.17,217.546,0,0,0
563,0,265.626,218.097,0,0,0
564,15,215.188,218.435,17.40254777,0.349152542,0.107291667
565,0,280.187,218.759,1,0.166666667,0.000868056
566,87,204.58,220.128,12.23965217,0.183116883,0.146875
567,7,220.064,220.81,16.5372549,0.246031746,0.053819444
568,0,250.711,219.773,0,0,0
569,1,226.061,220.657,6.888888889,0.269230769,0.018229167
570,0,234.674,220.313,0.714285714,0.428571429,0.002232143
571,0,245.268,220.543,0,0,0
572,1,274.535,220.383,1,1,0.005208333
573,0,261.566,222.385,0,0,0
574,0,268.386,223.007,1,0.142857143,0.000744048
575,0,255.441,222.967,0,0,0
576,0,285.069,222.781,0,0,0
577,0,240.421,223.509,1,0.166666667,0.000868056
578,117,201.567,225.023,6.603371783,0.171428571,0.138392857
579,83,207.853,224.743,8.772151899,0.205128205,0.125
580,42,214.294,223.781,19.22145329,0.323293173,0.139756944
581,0,229.602,224.878,6.565217391,0.294871795,0.019965278
582,0,279.055,224.355,1,0.142857143,0.000744048
583,0,250.541,225.826,0,0,0
584,13,223.548,225.701,7.442307692,0.436507937,0.047743056
585,1,235.243,225.509,4,0.32,0.008333333
586,0,289.827,225.717,0,0,0
587,0,245.297,226.488,0,0,0
588,0,273.443,226.17,1,0.166666667,0.000868056
589,0,257.054,228.443,0,0,0
590,0,263.104,226.937,0,0,0
591,21,218.064,228.188,13.99101124,0.309677419,0.1
592,0,284.16,227.807,0,0,0
593,62,211.956,229.133,18.00148148,0.308176101,0.170138889
594,0,268.025,228.921,0,0,0
595,5,232.868,230.125,2.342857143,0.64,0.016666667
596,0,239.317,229.893,3.727272727,0.314285714,0.008184524
597,0,278.6,229.717,0,0,0
598,127,200.531,231.297,4.143236074,0.141935484,0.114583333
599,103,206.513,230.53,4.666666667,0.135170604,0.089409722
600,3,227.141,230,3.533333333,0.282051282,0.019097222
601,7,221.653,232.04,9.432692308,0.368686869,0.063368056
602,0,250.75,231.285,0,0,0
603,0,262.054,232.107,0,0,0
604,0,244.886,231.762,0,0,0
605,0,272.667,231.866,0,0,0
606,0,289.181,231.052,0,0,0
607,0,283.347,233.073,0,0,0
608,0,255.427,233.908,1,0.166666667,0.000868056
609,5,232.523,234.656,2.285714286,0.685714286,0.017857143
610,33,215.645,233.922,25.93650794,0.243710692,0.134548611
611,0,266.719,235.303,0,0,0
612,0,277.465,235.187,0,0,0
613,102,203.058,235.738,2.9375,0.131111111,0.102430556
614,2,225.973,235.39,9.483333333,0.32,0.041666667
615,106,209.773,236.017,12.14421985,0.294888598,0.167410714
616,0,238.999,235.121,5,0.166666667,0.004340278
617,0,286.674,236.596,0,0,0
618,0,244.771,236.552,0,0,0
619,0,250.345,236.618,1,0.166666667,0.000868056
620,0,259.735,237.227,0.833333333,0.333333333,0.001736111
621,0,271.598,237.105,0,0,0
622,25,220.141,237.867,13.7113594,0.309090909,0.088541667
623,0,281.656,238.766,0,0,0
624,1,229.055,239.795,8.377777778,0.264705882,0.0234375
625,40,214.458,239.93,13.65833333,0.257861635,0.142361111
626,109,205.267,240.023,4.459360731,0.137777778,0.096875
627,0,235.394,239.782,4.055555556,0.2,0.005208333
628,0,241.86,240.682,0,0,0
629,1,254.461,240.434,0.833333333,0.833333333,0.004340278
630,0,263.923,240.288,1,0.166666667,0.000868056
631,0,291.165,241.35,0,0,0
632,17,223.813,242.303,19.74015748,0.284848485,0.081597222
633,0,269.859,241.609,0,0,0
634,0,276.282,240.654,0,0,0
635,0,248.207,242.355,1,0.142857143,0.000744048
636,0,285.795,242.282,0,0,0
637,74,209.84,243.159,11.57267261,0.236641221,0.161458333
638,55,218.388,243.833,12.17555556,0.331081081,0.127604167
639,1,258.747,243.704,0.857142857,0.857142857,0.004464286
640,0,280.441,244.405,0,0,0
641,0,231.96,244.6,4,0.24,0.00625
642,0,237.589,245.393,0,0,0
643,138,197.561,244.96,0.597527812,0.057333333,0.044791667
644,131,203.301,244.971,4.508474576,0.138888889,0.099826389
645,0,264.7,244.773,1,0.166666667,0.000868056
646,0,274.919,245.486,0,0,0
647,0,243.082,246.504,0,0,0
648,0,252.894,246.223,0.833333333,0.333333333,0.001736111
649,0,269.51,246.421,0,0,0
650,0,289.068,246.126,0,0,0
651,67,214.077,247.605,11.74949084,0.225634179,0.125744048
652,5,226.734,246.954,11.23809524,0.333333333,0.038194444
653,0,261.525,248.324,1,0.2,0.001041667
654,107,208.191,248.592,7.769444444,0.210858586,0.144965278
655,0,283.511,248.147,0,0,0
656,22,220.781,248.956,19.21026592,0.309168443,0.107886905
657,0,247.689,249.485,0,0,0
658,0,256.293,250.074,1,0.166666667,0.000868056
659,0,266.242,251.358,0,0,0
660,132,202.137,250.189,2.612263777,0.090361446,0.078125
661,0,232.885,250.302,3.371428571,0.285714286,0.007440476
662,0,278.153,250.186,0,0,0
663,0,272.075,250.233,0,0,0
664,0,239.352,250.83,0,0,0
665,4,226.769,251.98,9.148148148,0.303030303,0.034722222
666,0,250.699,253.501,1,0.142857143,0.000744048
667,0,282.849,253.572,0,0,0
668,82,211.045,252.952,10.10740038,0.222047244,0.146875
669,0,244.18,253.794,0.833333333,0.333333333,0.001736111
670,44,216.087,253.798,16.56149279,0.305,0.158854167
671,166,199.809,254.69,2.002850356,0.185542169,0.160416667
672,0,260.568,253.882,0,0,0
673,0,274.066,254.222,0,0,0
674,127,205.768,255.364,5.327868852,0.123924269,0.107142857
675,17,220.963,255.024,16.74860335,0.300546448,0.095486111
676,0,236.788,255.315,0.6,0.6,0.003125
677,0,268.886,256.142,0,0,0
678,1,231.336,256.397,2.588235294,0.388888889,0.012152778
679,0,254.905,255.864,0,0,0
680,0,278.769,256.528,0,0,0
681,0,287.146,257.134,0,0,0
682,5,225.778,257.311,9.413559322,0.3,0.040625
683,0,264.102,258.516,0,0,0
684,1,241.145,258.645,0.6,0.6,0.003125
685,100,211.295,258.158,12.50323866,0.242537313,0.169270833
686,1,246.014,259.076,0.833333333,0.833333333,0.004340278
687,0,258.81,259.145,0,0,0
688,0,273.292,259.248,0,0,0
689,0,283.063,260.38,0,0,0
690,0,250.618,259.93,1,0.166666667,0.000868056
691,61,216.777,260.1,23.19721578,0.269972452,0.170138889
692,128,201.205,260.338,1.998665332,0.105421687,0.091145833
693,26,222.142,261.755,21.31260794,0.352150538,0.113715278
694,1,235.82,261.087,2.896103896,0.214285714,0.006696429
695,6,228.673,261.605,10.94736842,0.288461538,0.0390625
696,134,207.081,261.541,3.688218391,0.107212476,0.095486111
697,0,278.29,262.424,0,0,0
698,0,255.559,262.863,0,0,0
699,0,267.644,263.064,0,0,0
700,0,288.785,262.712,0,0,0
701,121,212.936,264.276,14.2037037,0.211500975,0.188368056
702,0,241.968,264.124,0.666666667,0.5,0.002604167
703,0,261.961,263.828,0,0,0
704,0,247.018,265.381,1,0.166666667,0.000868056
705,0,272.895,263.823,0,0,0
706,147,202.155,265.175,1.859012103,0.091617934,0.081597222
707,62,218.687,266.101,23.6,0.271349862,0.171006944
708,16,225.318,266.727,23.91913215,0.341397849,0.110243056
709,2,231.42,266.025,6.989247312,0.260416667,0.021701389
710,0,282.087,266.13,0,0,0
711,0,236.645,266.185,1,0.4,0.004166667
712,0,251.864,267.178,0,0,0
713,171,208.012,267.435,3.959869848,0.268031189,0.238715278
714,0,270.057,268.273,0,0,0
715,0,288.029,267.764,0,0,0
716,0,258.024,267.719,0,0,0
717,0,275.952,267.673,0,0,0
718,0,264.452,268.908,0,0,0
719,139,197.662,268.43,1.384566122,0.092929293,0.079861111
720,0,242.076,269.791,1,0.142857143,0.000744048
721,107,215.012,270.405,13.32057416,0.173767753,0.154761905
722,5,229.514,270.667,24.35947712,0.28525641,0.077256944
723,0,283.815,270.407,1,0.2,0.001041667
724,135,202.931,270.984,2.641632373,0.088693957,0.078993056
725,52,221.673,271.471,25.7029703,0.299065421,0.166666667
726,0,247.779,271.211,0,0,0
727,107,209.642,272.122,4.51388535,0.167251462,0.148958333
728,1,236.03,270.877,2.518518519,0.266666667,0.006944444
729,0,254.382,271.924,0,0,0
730,0,260.167,271.928,0,0,0
731,0,278.636,271.741,1,0.166666667,0.000868056
732,0,267.822,273.435,0,0,0
733,0,273.561,272.889,0,0,0
734,0,286.98,274.591,1,0.166666667,0.000868056
735,0,238.626,275.278,0.833333333,0.333333333,0.001736111
736,131,199.933,275.676,0.873484104,0.104821803,0.086805556
737,142,205.372,276.513,1.712397285,0.091991342,0.073784722
738,25,226.627,274.564,21.92727273,0.423076923,0.114583333
739,0,244.639,275.122,0,0,0
740,0,262.998,275.736,0,0,0
741,93,217.283,275.889,11.05925926,0.226287263,0.144965278
742,1,232.659,274.962,15.18018018,0.226666667,0.029513889
743,1,281.774,275.503,1,1,0.005208333
744,123,211.52,276.9,2.796407186,0.117370892,0.086805556
745,0,250.858,275.952,1,0.166666667,0.000868056
746,44,222.632,277.445,23.50803213,0.322580645,0.15625
747,0,256.915,276.503,1,0.166666667,0.000868056
748,0,276.516,277.084,1,0.166666667,0.000868056
749,0,270.855,277.744,0,0,0
750,0,265.903,279.64,0,0,0
751,5,229.025,279.202,17.04320988,0.34469697,0.078993056
752,0,241.222,279.966,3,0.166666667,0.002604167
753,0,235.479,280.137,4.518518519,0.333333333,0.015625
754,0,247.309,280.229,1,0.166666667,0.000868056
755,0,288.203,280.168,1,0.166666667,0.000868056
756,1,254.029,281.106,1,1,0.005208333
757,0,281.229,280.324,1,0.166666667,0.000868056
758,154,201.374,281.248,0.584151932,0.070063694,0.057291667
759,89,219.726,281.87,18.78333333,0.279527559,0.184895833
760,0,260.198,280.607,1,0.166666667,0.000868056
761,141,207.73,281.906,2.199221515,0.102813853,0.082465278
762,122,214.489,281.866,3.111249481,0.119385343,0.087673611
763,0,275.033,281.554,0,0,0
764,24,225.695,283.9,22.68541563,0.284109149,0.131696429
765,0,269.622,283.254,0,0,0
766,0,285.251,283.868,0,0,0
767,0,264.147,284.496,0,0,0
768,9,231.702,283.941,8.675862069,0.35,0.04375
769,0,243.514,285.007,2.25,0.222222222,0.003472222
770,0,249.882,284.564,1,0.2,0.001041667
771,141,198.691,285.81,0.655674103,0.070063694,0.057291667
772,0,279.298,285.245,0,0,0
773,0,257.741,285.179,1,0.166666667,0.000868056
774,3,237.278,285.698,9.617511521,0.277310924,0.024553571
775,108,210.638,286.015,2.211897219,0.202760085,0.165798611
776,152,204.068,286.979,1.653348411,0.084622384,0.069196429
777,0,273.73,286.384,0,0,0
778,61,221.172,287.326,23.73202614,0.335433071,0.221875
779,127,215.48,287.991,7.72541744,0.161965423,0.132440476
780,0,253.381,288.407,1,0.166666667,0.000868056
781,0,283.217,288.062,0,0,0
782,0,247.38,289.284,0.833333333,0.333333333,0.001736111
783,0,261.966,288.832,0,0,0
784,17,230.599,288.684,11.59477124,0.320175439,0.063368056
785,0,267.967,288.661,0,0,0
786,0,288.477,289.153,0,0,0
787,0,278.502,290.585,0,0,0
788,139,199.646,290.761,0.425783972,0.053947368,0.042708333
789,0,273.515,291.038,0,0,0
790,67,386.403,200.96,1.636363636,0.12248996,0.052951389
791,84,391.486,214.509,1.984313725,0.086363636,0.049479167
792,84,389.429,220.941,1.258865248,0.106060606,0.060763889
793,78,389.185,230.737,1.532330827,0.122222222,0.06875
794,84,388.964,235.97,0.441638608,0.056737589,0.027777778
795,85,390.932,246.665,1.070982396,0.078231293,0.039930556
796,96,388.825,267.954,1.21420765,0.112244898,0.057291667
797,92,386.818,272.975,1.853672316,0.12585034,0.064236111
798,68,388.521,278.251,1.225316456,0.143478261,0.06875
799,77,387.094,292.891,1.664,0.107865169,0.05
800,0,297.369,293.794,0,0,0
801,0,303.155,294.456,0,0,0
802,0,308.854,293.529,0,0,0
803,0,314.007,291.902,0,0,0
804,0,327.327,292.948,0,0,0
805,1,338.185,293.143,2.25,0.388888889,0.006076389
806,4,348.626,294.051,10.43126685,0.375,0.0625
807,17,353.264,292.712,13.18461538,0.351851852,0.098958333
808,70,366.955,291.947,2.282152231,0.087542088,0.045138889
809,69,371.981,292.983,0.576146789,0.061176471,0.027083333
810,71,375.433,289.322,1.362047441,0.111742424,0.051215278
811,0,322.248,293.268,0,0,0
812,0,305.411,289.526,0,0,0
813,0,320.325,197.802,0,0,0
814,0,344.161,199.302,0,0,0
815,0,314.699,200.081,0,0,0
816,0,337.856,198.377,0,0,0
817,0,350.76,201.158,2.458333333,0.333333333,0.006944444
818,0,302.42,199.925,0,0,0
819,4,357.052,201.799,1.573333333,0.361111111,0.011284722
820,0,308.464,201.542,0,0,0
821,0,326.087,202.375,0,0,0
822,6,363.991,203.045,6.810606061,0.346666667,0.045138889
823,40,375.61,202.873,12.15789474,0.305128205,0.123958333
824,0,298.15,203.982,0,0,0
825,0,319.406,203.693,0,0,0
826,0,332.711,203.667,0,0,0
827,0,346.497,205.985,3,0.166666667,0.002604167
828,78,381.676,205.457,4.636743215,0.178819444,0.089409722
829,0,339.976,205.177,0,0,0
830,21,370.032,205.403,14.18723404,0.280952381,0.102430556
831,0,303.158,205.547,0,0,0
832,0,312.663,206.133,0,0,0
833,0,306.874,209.015,0,0,0
834,0,323.719,208.061,0,0,0
835,3,352.695,207.917,2.861111111,0.5,0.013020833
836,0,328.99,208.488,0,0,0
837,5,359.019,208.24,10.07407407,0.293333333,0.038194444
838,74,387.383,208.466,1.291647649,0.095238095,0.047619048
839,70,375.66,208.601,10.76715686,0.260416667,0.130208333
840,0,335.572,209.293,0,0,0
841,25,365.042,210.067,12.40155945,0.294871795,0.079861111
842,0,296.128,210.349,0,0,0
843,0,317.09,209.424,0,0,0
844,0,341.632,211.068,0,0,0
845,0,301.512,211.4,0,0,0
846,0,311.45,212.396,0,0,0
847,0,348.487,212.17,3,0.166666667,0.002604167
848,52,371.318,212.005,13.21568627,0.227430556,0.113715278
849,96,379.861,212.084,3.31070816,0.275297619,0.13764881
850,0,326.72,214.338,0,0,0
851,87,385.41,215.147,0.842312009,0.081597222,0.040798611
852,0,320.783,213.117,0,0,0
853,0,355.003,213.529,10.40336134,0.242857143,0.025297619
854,20,361.495,214.813,13.25745257,0.337301587,0.073784722
855,0,332.537,213.597,0,0,0
856,0,305.609,215.287,0,0,0
857,0,316.001,216.048,0,0,0
858,51,373.404,217.338,4.788626907,0.186011905,0.093005952
859,0,337.371,216.033,0,0,0
860,0,298.082,215.751,0,0,0
861,0,343.166,216.737,0,0,0
862,42,367.419,217.32,5.178452776,0.257142857,0.073660714
863,0,348.668,217.888,2,0.166666667,0.001736111
864,4,357.356,218.796,10.63478261,0.422222222,0.059375
865,75,379.374,217.46,3.525786164,0.160416667,0.080208333
866,0,326.991,219.752,0,0,0
867,0,332.272,219.482,0,0,0
868,0,311.379,218.393,0,0,0
869,0,321.514,218.576,0,0,0
870,2,352.852,220.72,9.611111111,0.229166667,0.019097222
871,0,295.05,220.992,0,0,0
872,0,301.12,220.054,0,0,0
873,0,306.858,220.548,0,0,0
874,27,362.25,220.95,7.234782609,0.276190476,0.060416667
875,94,382.987,221.916,1.571506253,0.112654321,0.063368056
876,74,376.37,222.711,4.178236398,0.175531915,0.0859375
877,0,316.777,222.348,0,0,0
878,0,337.441,222.238,0,0,0
879,0,343.189,222.988,0,0,0
880,55,370.57,223.36,7.622112211,0.188172043,0.091145833
881,0,322.993,224.001,0,0,0
882,0,310.583,224.763,0,0,0
883,0,298.996,224.574,0,0,0
884,0,330.408,224.352,0,0,0
885,0,348.617,223.839,1.6,0.4,0.004166667
886,16,357.965,225.431,8.686472819,0.369458128,0.055803571
887,0,304.592,225.503,0,0,0
888,29,365.098,225.141,7.896414343,0.255555556,0.079861111
889,108,385.641,226.923,1.280898876,0.205246914,0.115451389
890,0,340.513,228.097,0,0,0
891,0,315.096,227.274,0,0,0
892,0,326.222,228.009,0,0,0
893,0,319.886,229.134,0,0,0
894,0,334.965,227.892,0,0,0
895,91,379.886,228.198,1.440552017,0.081790123,0.046006944
896,2,352.853,227.763,9.322580645,0.302083333,0.025173611
897,93,374.274,228.76,3.298245614,0.213261649,0.103298611
898,0,346.388,228.641,2,0.166666667,0.001736111
899,60,368.053,229.469,10.36727589,0.213261649,0.103298611
900,0,299.335,229.668,0,0,0
901,0,309.938,230.62,0,0,0
902,0,330.962,230.882,0,0,0
903,22,362.355,230.587,12.51557632,0.272222222,0.085069444
904,0,304.512,230.715,0,0,0
905,0,344.46,233.672,2,0.142857143,0.001488095
906,11,356.838,231.78,8.114155251,0.409090909,0.046875
907,77,383.483,233.529,1.536257657,0.141534392,0.079613095
908,0,315.059,232.321,0,0,0
909,0,324.638,232.8,0,0,0
910,0,350.528,232.754,7.533333333,0.227272727,0.013020833
911,68,371.682,233.829,3.309794989,0.152688172,0.073958333
912,0,300.112,234.825,0,0,0
913,91,377.255,234.227,2.278149387,0.11682243,0.065104167
914,0,305.95,235.153,0,0,0
915,0,319.422,235.846,0,0,0
916,56,366.527,235.374,8.646666667,0.244131455,0.090277778
917,20,361.111,235.913,18.29693487,0.321428571,0.09375
918,0,330.329,235.807,2,0.142857143,0.001488095
919,0,313.616,236.799,0,0,0
920,0,340.643,236.867,2,0.2,0.002083333
921,2,355.093,236.959,8.413043478,0.333333333,0.034722222
922,0,349.581,238.333,2.58974359,0.361111111,0.011284722
923,0,324.851,237.371,0,0,0
924,0,335.41,238.398,2,0.166666667,0.001736111
925,0,308.888,238.225,0,0,0
926,0,296.545,238.995,0,0,0
927,71,371.774,238.7,5.042744657,0.185580774,0.103422619
928,107,379.955,238.603,1.610298103,0.208722741,0.116319444
929,0,302.553,239.454,0,0,0
930,2,344.476,240.599,3.814814815,0.361111111,0.011284722
931,87,384.822,240.067,1.026315789,0.063862928,0.035590278
932,0,327.055,241.599,2,0.166666667,0.001736111
933,2,331.533,240.993,2,1,0.010416667
934,10,359.37,240.723,20.86805556,0.327044025,0.090277778
935,53,365.623,240.824,16.21585482,0.258064516,0.125
936,0,311.787,242.419,0,0,0
937,0,316.53,241.217,0,0,0
938,0,321.739,241.484,0,0,0
939,3,353.864,242.481,4.204301075,0.4,0.020833333
940,84,390.485,241.094,0.31969449,0.042517007,0.021701389
941,0,339.828,242.463,1.444444444,0.25,0.002604167
942,96,375.603,242.402,3.125581395,0.153271028,0.085416667
943,0,295.171,244.396,0,0,0
944,0,300.136,243.772,0,0,0
945,0,306.388,242.772,0,0,0
946,6,348.667,244.236,2.41025641,0.805555556,0.025173611
947,0,335.101,244.595,2,0.166666667,0.001736111
948,46,362.338,244.926,20.48780488,0.26344086,0.127604167
949,93,370.431,244.599,6.613831398,0.282738095,0.141369048
950,86,380.895,245.213,2.86127419,0.126835781,0.070684524
951,0,319.504,246.261,0,0,0
952,83,386.258,245.186,0.610547667,0.057471264,0.026041667
953,0,303.922,247.361,0,0,0
954,0,330.302,246.59,2,0.166666667,0.001736111
955,0,324.814,246.508,0,0,0
956,10,357.025,247.013,15.96396396,0.27173913,0.065104167
957,0,309.223,247.458,0,0,0
958,1,344.141,246.829,3.233333333,0.25,0.0078125
959,48,367.1,248.08,12.36260163,0.264583333,0.132291667
960,0,314.614,247.079,0,0,0
961,0,351.988,248.196,5.657657658,0.411111111,0.032118056
962,63,375.392,247.42,2.638323353,0.25625,0.128125
963,0,338.262,248.31,1,0.166666667,0.000868056
964,0,298.763,248.784,0,0,0
965,27,362.017,249.976,9.826771654,0.347457627,0.106770833
966,0,317.854,251.877,0,0,0
967,68,385.569,250.307,0.711520737,0.129568106,0.058035714
968,0,333.472,250.975,0,0,0
969,96,372.364,251.292,4.139773895,0.31547619,0.157738095
970,0,322.742,251.11,0,0,0
971,0,327.639,251.788,0,0,0
972,0,341.867,251.897,0.8,0.4,0.002083333
973,1,347.352,251.547,2.896103896,0.214285714,0.006696429
974,67,379.362,250.813,1.848888889,0.111111111,0.055555556
975,0,307.333,252.002,0,0,0
976,0,313.198,252.346,0,0,0
977,15,357.322,253.191,16.0786268,0.271137026,0.069196429
978,0,301.969,252.984,0,0,0
979,59,367.761,253.558,7.670929241,0.166666667,0.083333333
980,2,352.622,253.437,7.816,0.28,0.021875
981,49,362.782,254.772,9.585714286,0.338983051,0.104166667
982,0,297.031,254.441,0,0,0
983,0,337.632,254.556,0,0,0
984,73,382.948,254.862,0.92327044,0.078754579,0.037326389
985,0,331.241,255.749,0,0,0
986,72,376.536,255.419,1.888673139,0.092013889,0.046006944
987,0,311.017,256.564,0,0,0
988,0,343.799,256.255,0.833333333,0.333333333,0.001736111
989,0,305.221,256.788,0,0,0
990,0,318.825,256.367,0,0,0
991,80,387.901,256.619,0.944546009,0.08974359,0.042534722
992,0,324.572,256.654,0,0,0
993,1,348.987,257.405,2.727272727,0.222222222,0.006944444
994,58,371.391,257.817,2.922705314,0.147569444,0.073784722
995,0,334.859,259.412,0,0,0
996,6,354.264,259.135,7.846153846,0.360248447,0.043154762
997,0,300.012,259.146,0,0,0
998,0,339.583,259.65,0,0,0
999,20,359.556,258.643,13.35688623,0.314814815,0.088541667
1000,79,380.196,259.052,0.81619256,0.09010989,0.042708333
1001,0,315.042,260.26,0,0,0
1002,54,365.528,259.352,7.843137255,0.223938224,0.086309524
1003,0,329.678,260.681,0,0,0
1004,0,320.382,260.937,0,0,0
1005,0,309.764,261.614,0,0,0
1006,0,345.05,261.131,1.733333333,0.277777778,0.004340278
1007,70,374.82,261.438,0.606,0.071729958,0.029513889
1008,91,385.205,261.963,1.186813187,0.110787172,0.056547619
1009,0,324.802,262.24,0,0,0
1010,0,304.615,262.24,0,0,0
1011,74,369.808,263.272,0.969568294,0.108888889,0.042534722
1012,0,296.193,262.954,0,0,0
1013,1,350.258,262.729,3.826086957,0.3,0.015625
1014,0,341.962,264.653,3,0.166666667,0.002604167
1015,23,359.732,263.523,18.07163743,0.312206573,0.115451389
1016,0,332.519,265.17,0,0,0
1017,10,355.242,264.677,16.4047619,0.265151515,0.060763889
1018,87,390.728,262.782,1.154159395,0.107638889,0.053819444
1019,0,300.93,265.547,0,0,0
1020,0,337.202,264.807,0,0,0
1021,71,364.308,265.041,7.00238806,0.262162162,0.101041667
1022,72,379.342,264.173,1.303834808,0.110544218,0.056423611
1023,0,317.807,264.929,0,0,0
1024,0,312.174,266.261,0,0,0
1025,3,346.618,266.938,1.722222222,0.833333333,0.013020833
1026,0,327.987,266.609,0,0,0
1027,0,307.14,266.98,0,0,0
1028,0,322.877,267.387,0,0,0
1029,75,374.066,267.066,1.409079694,0.090311987,0.040922619
1030,2,351.548,267.84,5.457142857,0.366666667,0.022916667
1031,98,383.643,267.849,1.368217054,0.142857143,0.072916667
1032,69,367.553,268.337,2.572614108,0.120689655,0.0546875
1033,44,359.56,269.05,13.25757576,0.328638498,0.121527778
1034,80,378.359,269.219,2.922666667,0.134693878,0.06875
1035,0,297.531,270.077,0,0,0
1036,0,337.492,269.917,0,0,0
1037,0,342.353,270.309,1.722222222,0.333333333,0.005208333
1038,0,316.369,269.748,0,0,0
1039,0,332.012,270.522,0,0,0
1040,0,302.994,270.213,0,0,0
1041,0,310.293,271.396,0,0,0
1042,0,326.606,271.879,0,0,0
1043,0,320.775,272.247,0,0,0
1044,12,354.225,271.886,9.8875,0.289655172,0.04375
1045,0,348.965,272.187,6.390804598,0.402777778,0.025173611
1046,87,370.306,271.866,2.663157895,0.282758621,0.128125
1047,73,381.365,273.268,2.881663738,0.170068027,0.086805556
1048,62,364.454,273.144,5.162561576,0.167487685,0.075892857
1049,52,375.148,273.108,2.695709571,0.270114943,0.122395833
1050,0,306.148,274.575,0,0,0
1051,29,357.949,274.277,11.69607843,0.298387097,0.096354167
1052,0,301.001,275.244,0,0,0
1053,0,315.283,274.796,0,0,0
1054,0,335.94,274.4,2,0.2,0.002083333
1055,0,296.261,275.71,1,0.166666667,0.000868056
1056,0,331.38,276.093,0,0,0
1057,2,340.881,275.693,2.2,0.45,0.009375
1058,1,345.745,275.392,5.135802469,0.363636364,0.020833333
1059,0,310.417,277.113,0,0,0
1060,0,319.166,277.927,0,0,0
1061,0,324.646,276.165,0,0,0
1062,54,362.138,277.282,6.147474747,0.243076923,0.082291667
1063,54,370.798,276.532,2.747004933,0.189655172,0.0859375
1064,11,352.09,277.343,7.74375,0.288793103,0.043619792
1065,90,383.52,277.996,1.413937282,0.169254658,0.08110119
1066,84,377.821,277.393,2.805949966,0.198148148,0.092881944
1067,0,328.705,279.532,0,0,0
1068,0,336.151,280.42,2.952380952,0.214285714,0.004464286
1069,26,357.205,279.695,12.29850746,0.304449649,0.09672619
1070,65,366.814,279.504,0.515222482,0.086956522,0.03125
1071,0,305.113,279.456,0,0,0
1072,0,314.371,280.624,0,0,0
1073,0,323.334,281.2,0,0,0
1074,69,373.704,280.118,1.906103286,0.109848485,0.050347222
1075,0,299.55,280.261,1,0.166666667,0.000868056
1076,4,341.925,280.258,3.057142857,0.333333333,0.015625
1077,9,347.376,279.786,2.482926829,0.381818182,0.021875
1078,0,332.624,283.283,0,0,0
1079,61,362.325,282.194,6.317600787,0.246153846,0.083333333
1080,71,380.111,281.834,1.467509025,0.138888889,0.065104167
1081,11,350.722,283.156,3.781144781,0.243589744,0.032986111
1082,0,309.241,283.123,0,0,0
1083,21,354.985,283.952,13.19086177,0.302107728,0.095982143
1084,73,387.958,283.117,1.337085679,0.1,0.046875
1085,5,345.735,284.644,4.306666667,0.3375,0.028125
1086,0,303.87,284.457,0,0,0
1087,57,365.588,286.083,0.563352827,0.121031746,0.045386905
1088,66,370.388,283.746,1.299516908,0.077651515,0.035590278
1089,0,297.53,284.654,1,0.166666667,0.000868056
1090,0,319.512,284.404,0,0,0
1091,0,326.847,284.295,0,0,0
1092,88,375.651,284.559,1.228205128,0.181818182,0.083333333
1093,0,314.323,286.264,0,0,0
1094,64,383.747,284.561,1.583578947,0.202222222,0.094791667
1095,55,359.995,285.989,7.218934911,0.224537037,0.084201389
1096,0,334.34,288.463,1,0.166666667,0.000868056
1097,0,329.663,288.149,0,0,0
1098,0,324.045,288.636,0,0,0
1099,88,380.038,287.666,1.181980774,0.107544141,0.04985119
1100,0,310.121,288.136,0,0,0
1101,0,339.506,288.426,2.125,0.333333333,0.005208333
1102,67,370.256,288.31,1.241803279,0.077651515,0.035590278
1103,0,299.951,288.996,0,0,0
1104,16,350.056,288.475,13.94285714,0.248447205,0.05952381
1105,89,386.292,288.562,0.965898618,0.147672552,0.068452381
1106,0,318.842,289.733,0,0,0
1107,0,344.601,289.135,7.514285714,0.35,0.029166667
1108,46,356.297,289.143,12.23487544,0.293981481,0.110243056
1109,72,361.985,291.017,4.830022075,0.176767677,0.091145833
1110,75,392.484,291.478,4.822368421,0.189138577,0.087673611
1111,10,403.629,290.607,12.02654867,0.311965812,0.063368056
1112,3,409.046,293.261,2.850574713,0.3,0.015625
1113,0,441.792,293.339,0,0,0
1114,0,413.902,291.042,3.166666667,0.333333333,0.012152778
1115,0,436.511,290.59,1,0.166666667,0.000868056
1116,81,398.034,199.218,1.61373661,0.111111111,0.053819444
1117,66,413.157,198.758,7.28115016,0.213815789,0.084635417
1118,72,417.436,201.745,4.87204611,0.240540541,0.092708333
1119,93,404.578,201.523,1.020576132,0.15248227,0.074652778
1120,71,392.403,203.481,0.877934272,0.082304527,0.034722222
1121,78,398.979,205.242,1.215241419,0.104609929,0.051215278
1122,74,410.705,204.56,2.478405316,0.112462006,0.055059524
1123,54,422.573,205.466,5.406222222,0.183982684,0.073784722
1124,22,433.794,206.729,11.35460993,0.297169811,0.08203125
1125,69,394.399,209.434,0.670842333,0.112643678,0.051041667
1126,94,404.44,208.025,1.374485597,0.161347518,0.078993056
1127,52,416.741,208.245,1.597578348,0.225108225,0.090277778
1128,6,439.519,209.807,9.214285714,0.431818182,0.049479167
1129,75,410.91,211.286,2.421296296,0.118794326,0.058159722
1130,53,428.362,209.638,8.580208333,0.222943723,0.089409722
1131,77,422.591,212.037,1.372977346,0.274891775,0.110243056
1132,87,399.194,213.847,3.01397739,0.131168831,0.07514881
1133,66,405.385,214.031,2.516535433,0.209345794,0.116666667
1134,64,416.449,214.516,1.691562932,0.147679325,0.060763889
1135,22,434.171,213.625,14.63279857,0.299382716,0.084201389
1136,54,428.432,216.788,10.09158679,0.257575758,0.103298611
1137,6,440.95,216.024,10.625,0.319444444,0.039930556
1138,79,410.222,218.277,2.281236005,0.098798398,0.055059524
1139,110,395.856,219.647,1.215447154,0.172727273,0.098958333
1140,77,416.587,220.135,2.208695652,0.154216867,0.066666667
1141,58,422.535,218.918,5.397058824,0.186147186,0.074652778
1142,0,452.526,218.986,0,0,0
1143,107,402.821,219.949,2.620561738,0.190909091,0.109375
1144,24,434.689,219.908,13.94712644,0.262345679,0.073784722
1145,6,439.935,223.662,8.908496732,0.229166667,0.028645833
1146,0,445.397,220.519,5,0.333333333,0.010416667
1147,87,407.355,223.721,1.661649944,0.098130841,0.0546875
1148,25,427.322,223.841,12.30943595,0.34729064,0.104910714
1149,91,392.846,225.375,1.45035461,0.092424242,0.052951389
1150,93,399.779,225.345,1.618216683,0.081818182,0.046875
1151,53,420.244,225.001,7.431707317,0.238955823,0.103298611
1152,83,413.617,225.443,1.596986817,0.111111111,0.050347222
1153,0,445.33,227.209,5.461538462,0.30952381,0.011284722
1154,8,433.462,225.851,6.153846154,0.288,0.0375
1155,7,438.738,230.03,3.571428571,0.517857143,0.021577381
1156,94,394.85,230.865,0.389513109,0.062056738,0.030381944
1157,79,410.677,230.102,0.658744668,0.08045977,0.036458333
1158,41,423.786,229.771,13.27864583,0.271689498,0.103298611
1159,70,405.005,228.988,0.926627219,0.187096774,0.090625
1160,93,400.266,232.304,1.165605096,0.072815534,0.0390625
1161,8,430.476,231.1,13.5012987,0.257839721,0.055059524
1162,73,416.595,231.532,4.713707345,0.209982788,0.09077381
1163,0,451.566,229.666,0,0,0
1164,0,446.669,233.441,7,0.166666667,0.006076389
1165,18,426.064,234.718,15.23716814,0.395121951,0.084375
1166,2,435.29,234.992,3.715789474,0.375,0.015625
1167,0,441.417,235.852,4.48,0.285714286,0.010416667
1168,85,405.552,234.732,1.715837621,0.103559871,0.055555556
1169,70,410.365,236.144,1.426845638,0.124705882,0.055208333
1170,90,395.082,236.627,0.529927761,0.064724919,0.034722222
1171,38,420.258,236.241,12.65686275,0.246575342,0.09375
1172,0,452.843,236.298,0,0,0
1173,0,461.888,234.26,0,0,0
1174,57,414.735,238.349,4.961568627,0.204819277,0.088541667
1175,103,401.466,238.837,3.077134986,0.187702265,0.100694444
1176,1,430.963,238.483,4.862318841,0.361111111,0.033854167
1177,7,425.007,239.917,15.04444444,0.421052632,0.083333333
1178,0,445.797,239.78,1,0.166666667,0.000868056
1179,0,458.731,239.738,0,0,0
1180,98,396.268,242.26,3.027593819,0.148867314,0.079861111
1181,1,439.634,240.935,2.333333333,0.333333333,0.006944444
1182,83,407.753,241.414,3.626373626,0.152565881,0.081845238
1183,38,419.107,242.654,16.6870229,0.311688312,0.107142857
1184,66,412.488,244.52,5.868613139,0.230923695,0.099826389
1185,0,451.411,241.825,0,0,0
1186,0,470.235,241.253,0,0,0
1187,53,401.729,244.352,3.135028249,0.354368932,0.190104167
1188,4,432.666,244.862,2.734693878,0.523809524,0.016369048
1189,0,464.857,244.59,0,0,0
1190,0,444.289,245.083,1,0.166666667,0.000868056
1191,6,426.571,244.835,17.53030303,0.201754386,0.039930556
1192,0,438.344,246.197,3.08,0.25,0.005208333
1193,81,406.838,246.827,4.026086957,0.222891566,0.096354167
1194,42,416.716,248.387,8.49936143,0.214646465,0.073784722
1195,8,421.953,247.641,14.8446281,0.423809524,0.092708333
1196,91,396.56,247.829,2.788087056,0.134353741,0.068576389
1197,0,450.003,247.69,0,0,0
1198,0,471.785,247.094,0,0,0
1199,0,461.266,248.503,0,0,0
1200,44,411.795,251.102,4.576992754,0.156378601,0.065972222
1201,81,401.844,250.434,4.302857143,0.183035714,0.091517857
1202,2,427.727,250.21,9.952380952,0.26,0.033854167
1203,0,455.102,250.855,0,0,0
1204,0,443.91,251.29,0,0,0
1205,52,406.755,251.925,4.7,0.212345679,0.089583333
1206,0,438.35,251.321,4,0.2,0.004166667
1207,78,391.29,251.973,1.316314554,0.100694444,0.050347222
1208,96,397.048,252.872,2.662711864,0.216666667,0.108333333
1209,25,421.01,252.507,15.10677083,0.424603175,0.092881944
1210,38,415.456,255.026,5.951724138,0.262222222,0.061458333
1211,0,449.76,254.086,0,0,0
1212,4,426.726,255.045,11.4057971,0.24,0.03125
1213,0,461.351,253.677,0,0,0
1214,70,392.916,257.363,2.062001228,0.140625,0.0703125
1215,65,403.902,256.331,2.549339549,0.152263374,0.064236111
1216,0,433.432,252.933,2.409090909,0.34375,0.007161458
1217,56,398.112,257.724,2.807717898,0.189236111,0.094618056
1218,45,410.181,257.006,6.400847131,0.193737769,0.073660714
1219,9,420.102,257.495,10.68484848,0.331578947,0.065625
1220,0,439.312,256.423,0,0,0
1221,0,455.899,256.635,0,0,0
1222,0,466.79,256.505,0,0,0
1223,0,472.658,257.072,0,0,0
1224,1,430.754,258.438,3.233333333,0.366666667,0.009548611
1225,0,444.975,257.809,0,0,0
1226,5,424.252,259.792,3.44,0.4,0.01875
1227,0,435.727,260.116,1,0.166666667,0.000868056
1228,0,478.34,259.444,0,0,0
1229,73,405.72,261.576,3.365296804,0.333333333,0.126736111
1230,0,450.662,259.831,0,0,0
1231,0,461.706,259.682,0,0,0
1232,57,400.903,261.527,2.299191375,0.15,0.059375
1233,18,415.846,261.26,17.62711864,0.362962963,0.085069444
1234,0,440.456,262.356,0,0,0
1235,76,395.954,263.485,3.202303816,0.174329502,0.078993056
1236,36,410.632,262.249,14.78116592,0.282191781,0.107291667
1237,0,456.899,262.667,0,0,0
1238,1,421.646,264.316,10.33333333,0.231481481,0.021701389
1239,0,446.149,264.049,0,0,0
1240,0,473.073,263.041,0,0,0
1241,0,431.853,264.747,0.833333333,0.333333333,0.001736111
1242,44,401.395,266.184,4.480902778,0.214912281,0.085069444
1243,3,416.999,266.745,7.763636364,0.277777778,0.026041667
1244,0,427.358,263.152,2.6,0.32,0.008333333
1245,0,452.601,265.21,0,0,0
1246,6,412.493,267.145,13.85074627,0.37037037,0.086805556
1247,0,462.252,265.779,0,0,0
1248,73,393.793,268.582,3.65751634,0.140625,0.0703125
1249,45,407.311,267.271,11.95090439,0.257990868,0.098090278
1250,1,426.587,268.225,0.666666667,0.666666667,0.003472222
1251,0,435.95,266.927,0,0,0
1252,0,473.545,268.694,0,0,0
1253,0,467.647,267.714,0,0,0
1254,0,431.447,270.677,0.833333333,0.333333333,0.001736111
1255,0,440.616,268.005,0,0,0
1256,0,421.274,269.971,1.854166667,0.533333333,0.013888889
1257,33,404.881,271.679,4.477876106,0.228571429,0.066666667
1258,0,444.734,269.757,0,0,0
1259,56,399.71,270.398,3.469902913,0.167123288,0.063541667
1260,21,410.364,272.343,10.31543624,0.303703704,0.071180556
1261,0,449.342,269.014,0,0,0
1262,49,396.036,273.178,1.729032258,0.21369863,0.08125
1263,5,415.679,272.331,6.45974026,0.224489796,0.024553571
1264,73,391.817,274.527,2.941514861,0.12202381,0.061011905
1265,1,425.833,273.131,2.75,0.233333333,0.006076389
1266,0,442.155,274.001,0,0,0
1267,0,469.169,272.963,0,0,0
1268,0,436.531,272.623,0,0,0
1269,27,406.72,277.153,7.473684211,0.24691358,0.069444444
1270,5,420.705,275.567,2.244444444,0.666666667,0.017361111
1271,54,401.313,275.601,3.658585859,0.170149254,0.059375
1272,0,430.402,275.511,0.833333333,0.333333333,0.001736111
1273,12,411.903,277.477,7.553030303,0.345679012,0.048611111
1274,0,448.98,274.657,0,0,0
1275,0,465.626,276.711,0,0,0
1276,3,416.751,277.996,3.8,0.283333333,0.017708333
1277,67,397.171,278.77,2.955823293,0.188034188,0.076388889
1278,1,425.218,278.063,3.228571429,0.28,0.007291667
1279,0,434.505,277.698,0,0,0
1280,0,460.427,277.159,0,0,0
1281,0,445.069,278.782,0,0,0
1282,44,402.344,280.746,7.04696449,0.236318408,0.082465278
1283,0,439.37,278.264,0,0,0
1284,78,392.822,280.999,1.170833333,0.141025641,0.057291667
1285,18,409.088,282.195,12.74625375,0.314935065,0.072172619
1286,0,421.89,282.243,2.613636364,0.275,0.007161458
1287,2,415.943,282.465,9.126126126,0.287037037,0.026909722
1288,0,429.156,281.265,1,0.166666667,0.000868056
1289,0,466.911,281.799,0,0,0
1290,50,397.299,284.316,5.843859649,0.217948718,0.088541667
1291,0,441.321,282.794,0,0,0
1292,31,403.272,285.164,10.1641541,0.326666667,0.085069444
1293,0,447.683,283.403,0,0,0
1294,0,472.293,283.902,0,0,0
1295,71,392.442,286.512,4.393684211,0.157303371,0.072916667
1296,2,412.686,286.05,9.965517241,0.277777778,0.026041667
1297,0,426.341,285.425,0,0,0
1298,0,437.527,286.122,0,0,0
1299,0,431.812,286.99,0,0,0
1300,7,408.242,287.876,11.94366197,0.290322581,0.046875
1301,0,417.697,287.221,1.666666667,0.333333333,0.003472222
1302,0,422.221,288.525,0,0,0
1303,0,455.146,286.56,0,0,0
1304,39,397.893,289.23,12.5497076,0.278095238,0.108630952
1305,0,427.435,290.249,1,0.2,0.001041667
1306,0,452.147,291.073,0,0,0
1307,2,98.5845,307.381,18.77714286,0.228571429,0.035714286
1308,1,100.298,313.262,26.54166667,0.339285714,0.07421875
1309,0,86.3408,295.917,0,0,0
1310,0,73.1392,296.206,0,0,0
1311,0,79.5758,297.169,0,0,0
1312,0,91.2762,299.558,3,0.166666667,0.002604167
1313,0,96.7635,300.899,11.74666667,0.231481481,0.021701389
1314,0,84.5453,301.854,0,0,0
1315,0,78.0741,303.454,0,0,0
1316,0,91.1404,305.321,2,0.166666667,0.001736111
1317,0,84.7357,307.273,0,0,0
1318,0,92.4931,310.814,1.333333333,0.375,0.00390625
1319,113,194.694,299.313,2.586740331,0.268639053,0.236458333
1320,154,193.715,303.9,2.458505719,0.086221471,0.075892857
1321,159,195.683,309.579,2.480566535,0.116766467,0.1015625
1322,149,194.105,321.042,2.432075472,0.091522158,0.082465278
1323,144,195.834,326.772,1.474918373,0.100877193,0.099826389
1324,149,196.886,347.081,2.083489097,0.096806387,0.084201389
1325,166,196.423,332.54,1.888387485,0.089473684,0.088541667
1326,124,145.26,294.512,1.835225772,0.097560976,0.083333333
1327,18,103.909,296.475,29.0972389,0.380952381,0.142857143
1328,164,138.18,295.126,1.882138114,0.146341463,0.125
1329,72,110.875,295.328,37.67869482,0.303658537,0.259375
1330,164,191.516,294.918,2.978156997,0.136094675,0.119791667
1331,130,157.873,295.956,0.873525074,0.065315315,0.050347222
1332,124,169.91,296.283,2.048304214,0.091698842,0.070684524
1333,143,132.69,297.521,2.846320346,0.1114082,0.108506944
1334,149,116.693,298.006,12.82488479,0.210801394,0.180059524
1335,141,122.424,297.632,1.630818278,0.101604278,0.098958333
1336,142,142.793,299.352,1.938654504,0.103658537,0.088541667
1337,138,153.431,299.102,0.857562408,0.087837838,0.067708333
1338,119,175.145,299.04,4.409137056,0.130232558,0.116666667
1339,172,181.084,299.485,1.959245283,0.162063953,0.145182292
1340,125,163.004,299.678,1.699353858,0.076576577,0.059027778
1341,169,187.957,299.509,2.555246054,0.108527132,0.097222222
1342,160,127.616,301.065,1.753703704,0.083778966,0.081597222
1343,63,109.772,301.024,42.02925327,0.302013423,0.234375
1344,162,137.424,301.922,0.89044072,0.075396825,0.065972222
1345,100,169.107,301.701,1.085758634,0.194852941,0.138020833
1346,118,157.767,302.634,1.048618785,0.097972973,0.075520833
1347,2,102.847,302.392,31.27130435,0.33968254,0.111458333
1348,156,186.915,304.033,0.555253623,0.044573643,0.039930556
1349,152,121.488,303.901,3.455284553,0.094810379,0.082465278
1350,99,115.17,304.814,27.35586207,0.309381238,0.269097222
1351,136,175.302,303.88,4.583941606,0.134689922,0.120659722
1352,148,150.866,304.78,1.964048866,0.110752688,0.089409722
1353,132,162.645,305.479,0.784281189,0.117965368,0.08110119
1354,150,180.718,305.445,0.852054795,0.070736434,0.063368056
1355,155,143.668,305.417,2.144998371,0.101190476,0.088541667
1356,30,107.063,306.647,34.85507246,0.35016835,0.180555556
1357,157,127.376,307.151,0.466362253,0.03992016,0.034722222
1358,114,155.814,307.937,1.931194296,0.150219298,0.118923611
1359,123,169.666,307.13,3.295742232,0.113207547,0.09375
1360,168,137.73,308.917,3.395242452,0.113715278,0.113715278
1361,156,184.594,309.32,0.731230284,0.051136364,0.046875
1362,147,190.072,309.213,2.25525243,0.09280303,0.085069444
1363,159,175.232,309.79,3.447559709,0.164658635,0.142361111
1364,167,119.783,310.412,10.28878792,0.228400342,0.198660714
1365,113,164.25,310.44,0.882417582,0.096969697,0.066666667
1366,65,113.038,310.046,37.90440252,0.290419162,0.252604167
1367,152,149.803,310.446,2.640201005,0.152631579,0.120833333
1368,118,143.657,310.815,5.821333333,0.20625,0.20625
1369,158,132.901,311.973,1.425897036,0.056547619,0.056547619
1370,122,158.662,312.289,1.296254257,0.074944072,0.058159722
1371,166,179.79,312.615,2.037554314,0.102272727,0.09375
1372,15,106.324,311.554,24.11483871,0.366153846,0.123958333
1373,161,126.1,312.191,0.14789916,0.031137725,0.027083333
1374,106,168.796,313.322,3.400625978,0.136268344,0.112847222
1375,149,152.924,315.407,2.186545162,0.12406015,0.098214286
1376,176,185.717,314.92,4.021525799,0.169507576,0.155381944
1377,115,191.887,314.546,2.819828115,0.266098485,0.243923611
1378,192,138.616,315.52,4.171452204,0.243303571,0.243303571
1379,115,146.227,315.992,4.486504065,0.190972222,0.190972222
1380,42,109.157,316.027,32.2,0.308928571,0.180208333
1381,112,115.718,316.157,24.90118397,0.29740519,0.258680556
1382,132,162.849,316.671,1.210372229,0.160353535,0.110243056
1383,123,172.907,316.418,4.845360825,0.158490566,0.13125
1384,156,122.501,317.488,2.789830508,0.099401198,0.086458333
1385,153,129.758,317.291,1.374922919,0.057291667,0.057291667
1386,147,177.601,318.369,2.141715629,0.090361446,0.078125
1387,119,157.285,319.033,1.974802016,0.12639821,0.098090278
1388,153,134.506,321.193,1.796178344,0.053819444,0.053819444
1389,120,182.506,319.908,2.364333947,0.232954545,0.213541667
1391,96,167.142,320.207,2.572781065,0.198850575,0.150173611
1392,173,188.421,320.08,3.882427709,0.159090909,0.145833333
1393,152,142.013,320.695,4.026307347,0.096354167,0.096354167
1394,147,149.295,321.58,2.238452269,0.117481203,0.093005952
1395,54,111.102,321.26,27.79575597,0.318014706,0.225260417
1396,136,118.665,322.448,19.02238443,0.327991453,0.266493056
1397,145,172.129,322.894,2.673167208,0.117777778,0.092013889
1398,109,161.621,323.435,2.63168239,0.125,0.096354167
1399,148,154.964,324.787,2.808057198,0.140939597,0.109375
1400,150,177.838,324.546,1.897107166,0.082352941,0.072916667
1401,154,184.06,325.418,2.119602361,0.087668593,0.078993056
1402,154,137.745,325.824,0.894076655,0.081818182,0.065625
1403,162,190.074,326.327,0.750306373,0.065510597,0.059027778
1404,98,123.642,326.856,3.464471404,0.166058394,0.118489583
1405,126,144.57,326.768,1.847280335,0.112554113,0.090277778
1406,134,166.041,327.075,2.27098831,0.150738916,0.113839286
1407,33,112.351,327.237,26.23510972,0.458333333,0.324652778
1408,111,150.519,328.481,2.10564663,0.157657658,0.121527778
1409,128,172.292,329.303,3.135012242,0.114705882,0.1015625
1410,96,117.688,329.319,15.21987315,0.21875,0.154947917
1411,137,132.217,329.892,4.305400372,0.145021645,0.116319444
1412,110,159.437,329.714,2.748362235,0.115990991,0.089409722
1413,170,178.492,330.429,2.491004253,0.167647059,0.1484375
1414,139,139.934,331.383,2.132909784,0.1,0.080208333
1415,144,184.689,331.215,0.846584217,0.114180479,0.107638889
1416,162,190.201,332.822,1.37969697,0.073664825,0.069444444
1417,110,123.895,332.398,2.52293578,0.107664234,0.076822917
1418,127,146.742,333.342,1.702014443,0.084474886,0.064236111
1419,146,154.226,333.405,3.145373797,0.19980695,0.154017857
1420,112,167.176,333.001,2.05483871,0.110067114,0.085416667
1421,107,161.427,335.299,5.120784795,0.149568552,0.116071429
1422,104,129.355,336.017,2.641025641,0.142335766,0.1015625
1424,114,173.382,335.364,4.231564898,0.200980392,0.177951389
1425,159,180.044,336.335,3.811403509,0.120626151,0.113715278
1426,104,141.289,337.457,2.564864865,0.208633094,0.151041667
1427,141,192.498,338.411,1.020470829,0.144751381,0.136458333
1428,124,150.995,338.757,4.102931152,0.130136986,0.098958333
1429,181,186.032,339.046,4.408733519,0.210734017,0.198660714
1430,149,167.486,339.209,8.545603272,0.263473054,0.229166667
1431,92,157.225,340.525,5.918330309,0.190068493,0.14453125
1432,167,174.056,341.628,7.161705255,0.261477046,0.227430556
1433,129,180.164,342.388,8.282857143,0.192265193,0.18125
1434,82,162.434,342.825,7.428988327,0.174496644,0.135416667
1435,166,190.297,344.518,4.617970468,0.120626151,0.113715278
1436,84,168.887,345.521,12.73679727,0.255988024,0.22265625
1437,99,183.433,346.537,8.47014218,0.276243094,0.260416667
1438,105,176.382,348.011,8.991438356,0.169161677,0.147135417
1439,164,190.322,350.614,6.363309353,0.194277108,0.16796875
1440,0,290.446,298.321,0,0,0
1441,0,293.063,303.031,0,0,0
1442,0,291.761,311.44,0,0,0
1443,0,292.941,316.422,0,0,0
1444,0,292.06,325.86,0,0,0
1445,0,293.315,333.213,0,0,0
1446,0,294.839,340.172,0,0,0
1447,0,293.275,357.325,0,0,0
1448,0,288.892,351.936,0,0,0
1449,10,229.497,294.064,25.65753425,0.287179487,0.097222222
1450,0,251.627,293.865,1,0.142857143,0.000744048
1451,152,198.129,295.282,1.94255177,0.093495935,0.079861111
1452,0,239.542,295.462,0.166666667,1,0.005208333
1453,0,280.026,295.325,0,0,0
1454,65,223.609,295.917,37.34725635,0.371584699,0.236111111
1455,1,234.06,296.994,6.688172043,0.30952381,0.022569444
1456,0,273.679,296.334,0,0,0
1457,0,256.048,296.966,0,0,0
1458,133,207.18,298.288,1.039057239,0.110059172,0.096875
1459,0,285.773,297.388,0,0,0
1460,122,216.887,297.576,15.54444444,0.218543046,0.171875
1461,0,261.595,297.868,0,0,0
1462,0,248.778,298.176,0.833333333,0.333333333,0.001736111
1463,0,266.986,298.84,0,0,0
1464,14,228.008,299.763,26.17232543,0.336734694,0.122767857
1465,153,200.908,300.026,2.383287466,0.09805579,0.086309524
1466,1,243.498,299.572,0.666666667,0.666666667,0.003472222
1467,151,211.302,300.917,3.112897822,0.126232742,0.111111111
1468,38,222.239,300.424,25.03120567,0.398360656,0.253125
1469,1,238.092,301.171,3.955555556,0.25,0.010416667
1470,0,281.789,300.527,0,0,0
1471,0,276.82,300.751,0,0,0
1472,0,252.866,301.323,0,0,0
1473,0,272.184,301.57,0,0,0
1474,0,258.136,302.006,0,0,0
1475,114,216.912,302.881,17.71130952,0.226907631,0.196180556
1476,4,232.835,302.846,7.808163265,0.352380952,0.038541667
1477,0,286.649,302.924,0,0,0
1478,0,263.759,302.865,0,0,0
1479,0,247.354,303.54,1,0.166666667,0.000868056
1480,169,205.484,304.683,2.237002342,0.120385233,0.111607143
1481,0,241.281,305.361,4.805555556,0.25,0.010416667
1482,0,269.788,305.403,0,0,0
1483,0,280.154,304.947,0,0,0
1484,123,199.865,304.893,1.592265193,0.197633136,0.173958333
1485,70,223.031,305.244,28.71925926,0.317073171,0.203125
1486,21,228.664,305.934,26.16903633,0.328571429,0.119791667
1487,166,211.101,306.482,4.568455285,0.156367041,0.144965278
1488,8,235.432,307.693,12.41904762,0.369047619,0.046130952
1489,0,253.319,306.698,0,0,0
1490,0,259.735,307.317,0,0,0
1491,0,288.4,307.271,0,0,0
1492,0,265.482,308.502,0,0,0
1493,0,275.965,307.779,0,0,0
1494,123,217.694,308.346,11.00308642,0.1937751,0.167534722
1495,0,246.802,308.594,2,0.166666667,0.001736111
1496,0,283.21,308.542,0,0,0
1497,147,201.518,310.352,2.062727273,0.111423221,0.103298611
1498,2,241.785,310.721,5.484848485,0.3125,0.013020833
1499,178,207.125,312.218,2.452459016,0.163723917,0.151785714
1500,70,223.827,310.91,21.25258799,0.256678281,0.164434524
1501,0,270.92,310.904,0,0,0
1502,24,230.949,311.855,21.15060241,0.233333333,0.085069444
1503,124,212.819,311.698,7.811895911,0.151685393,0.140625
1504,0,250.562,312.116,0,0,0
1505,0,256.127,312.97,0,0,0
1506,0,261.594,312.792,0,0,0
1507,0,280.418,312.753,0,0,0
1508,0,236.478,313.433,11.74842767,0.368055556,0.046006944
1509,0,286.86,313.393,0,0,0
1510,89,217.936,314.153,8.179201486,0.250656168,0.165798611
1511,0,245.799,314.83,1.444444444,0.25,0.002604167
1512,0,275.241,313.822,0,0,0
1513,26,226.615,315.046,14.46192893,0.317857143,0.115885417
1514,0,266.806,314.226,0,0,0
1515,167,197.356,316.092,1.842592593,0.124750499,0.108506944
1516,157,202.948,316.618,0.885173502,0.059550562,0.055208333
1517,1,240.647,317.003,1.083333333,0.416666667,0.004340278
1518,127,212.207,316.897,5.769565217,0.11329588,0.105034722
1519,60,222.297,317.61,20.59679767,0.256,0.166666667
1520,0,283.872,317.605,0,0,0
1521,17,229.825,318.459,25.26022803,0.299798793,0.110863095
1522,0,271.283,318.202,0,0,0
1523,0,251.553,318.113,0,0,0
1524,0,259.151,318.242,0,0,0
1525,0,265.099,319.067,0,0,0
1526,0,277.633,318.645,0,0,0
1527,152,206.742,320.735,3.316211878,0.103759398,0.102678571
1528,1,235.694,319.85,11.07843137,0.303921569,0.026909722
1529,125,217.856,320.899,9.411578471,0.204761905,0.149305556
1530,0,245.576,320.961,1,0.166666667,0.000868056
1531,0,289.354,321.047,0,0,0
1532,150,200.28,322.276,1.558761647,0.064035088,0.063368056
1533,0,254.942,323.172,0,0,0
1534,0,283.903,323.043,0,0,0
1535,125,212.543,322.922,2.137799043,0.102994012,0.089583333
1536,71,223.821,323.716,32.77934272,0.292857143,0.213541667
1537,0,240.734,323.608,0.666666667,0.5,0.002604167
1538,14,230.031,324.089,36.49726776,0.345070423,0.127604167
1539,0,261.049,323.95,0,0,0
1540,0,278.776,324.357,0,0,0
1541,0,267.195,324.134,0,0,0
1542,0,273.073,323.97,0,0,0
1543,0,249.916,324.3,0,0,0
1544,1,235.532,326.335,7.333333333,0.297619048,0.021701389
1545,190,202.388,327.833,1.863537741,0.202255639,0.20014881
1546,167,209.433,327.387,3.068432671,0.138596491,0.137152778
1547,140,216.677,327.953,11.52088149,0.219846022,0.191220238
1548,0,245.386,328.174,0,0,0
1549,0,269.592,329.436,0,0,0
1550,0,287.497,328.417,0,0,0
1551,0,257.101,329.347,0,0,0
1552,0,275.772,329.375,0,0,0
1553,70,222.554,329.627,33.73770492,0.277380952,0.202256944
1554,0,282.471,329.624,0,0,0
1555,0,263.133,329.826,0,0,0
1556,9,229.11,330.062,30.86574074,0.264285714,0.096354167
1557,0,240.31,331.117,1.733333333,0.277777778,0.004340278
1558,0,250.81,330.262,0,0,0
1559,138,206.722,332.455,2.384126984,0.123157895,0.121875
1560,145,212.704,334.794,8.436373419,0.155688623,0.135416667
1561,3,234.622,333.071,4.109090909,0.4,0.01875
1562,0,287.975,334.001,0,0,0
1563,0,278.6,334.161,0,0,0
1564,0,266.381,335.113,0,0,0
1565,144,201.356,335.301,1.947257384,0.096491228,0.095486111
1566,84,218.478,334.743,21.61241611,0.259770115,0.196180556
1567,39,224.981,335.562,19.9471831,0.283730159,0.124131944
1568,0,252.837,336.11,0,0,0
1569,0,272.744,335.108,0,0,0
1570,0,246.035,335.321,1,0.142857143,0.000744048
1571,0,259.516,335.49,0,0,0
1572,8,231.344,337.773,17.16835017,0.311965812,0.063368056
1573,0,283.26,336.218,0,0,0
1574,1,238.653,338.169,4.226890756,0.303571429,0.01264881
1575,161,206.831,338.577,0.400679502,0.10310559,0.086458333
1576,161,197.485,340.649,0.751786269,0.074297189,0.064236111
1577,0,288.569,339.573,0,0,0
1578,78,216.983,340.688,16.97647059,0.255033557,0.197916667
1579,0,276.792,340.062,0,0,0
1580,0,244.054,341.363,1,0.2,0.001041667
1581,0,263.356,341.161,0,0,0
1582,0,269.641,340.719,0,0,0
1583,0,250.274,342.237,0,0,0
1584,0,257.151,341.215,0,0,0
1585,34,226.278,341.881,16.26604069,0.282608696,0.1015625
1586,149,211.109,342.728,7.120343072,0.159110351,0.138392857
1587,0,282.732,341.841,0,0,0
1588,146,202.996,343.301,0.520891365,0.058882236,0.051215278
1589,5,233.884,343.65,14.76666667,0.269607843,0.047743056
1590,0,239.612,345.512,3.233333333,0.333333333,0.008680556
1591,0,273.298,345.87,0,0,0
1592,0,289.855,345.388,0,0,0
1593,0,278.957,346.466,0,0,0
1594,115,216.193,346.982,16.00890328,0.270373921,0.209821429
1595,69,222.449,346.725,19.05289673,0.284057971,0.170138889
1596,0,261.003,347.145,0,0,0
1597,0,267.191,346.573,0,0,0
1598,0,254.439,347.32,0,0,0
1599,18,228.472,348.27,21.6557971,0.304347826,0.109375
1600,0,284.448,347.798,0,0,0
1601,0,246.747,347.794,0,0,0
1602,167,204.332,348.583,3.850420168,0.20239521,0.176041667
1603,105,210.435,348.933,6.024883359,0.176646707,0.153645833
1604,4,234.251,350.234,6.944444444,0.277777778,0.026041667
1605,0,240.91,351.692,3.333333333,0.333333333,0.006944444
1606,0,270.688,351.536,0,0,0
1607,0,258.455,353.056,0,0,0
1608,0,276.681,352.074,0,0,0
1609,107,214.798,353.297,19.43781095,0.323913043,0.194010417
1610,43,222.136,352.543,30.90548523,0.333333333,0.199652778
1611,0,264.922,352.592,0,0,0
1612,117,197.747,352.588,3.512562814,0.25748503,0.223958333
1613,0,251.662,352.567,0,0,0
1614,0,246.777,354.98,0,0,0
1615,11,228.512,354.808,16.34375,0.308139535,0.069010417
1616,0,282.568,353.69,0,0,0
1617,4,235.356,357.073,5.315789474,0.340909091,0.01953125
1618,32,218.512,357.882,27.03846154,0.401869159,0.223958333
1620,0,270.057,356.751,0,0,0
1621,0,241.453,357.479,4,0.333333333,0.006944444
1622,0,277.479,357.621,0,0,0
1623,0,251.984,359.103,0,0,0
1624,0,263.509,358.149,0,0,0
1625,0,258.103,358.783,0,0,0
1626,0,282.562,359.675,0,0,0
1627,55,388.163,312.335,3.671990535,0.163511188,0.070684524
1628,61,388.8,318.052,1.598230088,0.140298507,0.048958333
1629,44,388.821,325.864,9.756812339,0.267346939,0.136458333
1630,92,387.681,331.308,9.080078125,0.266666667,0.138888889
1631,82,387.204,336.905,7.967592593,0.22,0.114583333
1632,0,332.639,293.542,1,0.166666667,0.000868056
1633,3,343.466,293.922,3.333333333,0.380952381,0.013888889
1634,83,381.705,293.088,0.634389671,0.073033708,0.033854167
1635,54,358.429,294.735,12.11394148,0.206349206,0.10639881
1636,85,376.568,293.849,1.749945307,0.101078167,0.055803571
1637,99,364.305,296.52,3.430363036,0.316498316,0.163194444
1638,0,318.105,296.202,0,0,0
1639,74,369.965,296.972,2.46039886,0.133647799,0.073784722
1640,0,312.815,297.195,0,0,0
1641,0,340.522,298.03,3.487179487,0.30952381,0.011284722
1642,0,329.124,297.915,0,0,0
1643,0,334.948,297.92,1,0.166666667,0.000868056
1644,69,384.23,297.649,1.120274042,0.101549053,0.04389881
1645,0,295.494,298.682,0,0,0
1646,0,324.008,297.716,0,0,0
1647,0,300.469,298.747,0,0,0
1648,0,307.116,298.564,0,0,0
1649,32,353.538,297.632,12.8716707,0.333333333,0.09375
1650,77,378.337,298.266,2.710743802,0.120754717,0.066666667
1651,7,346.282,298.729,13.65448505,0.303571429,0.050595238
1652,54,360.253,299.405,9.008429119,0.213804714,0.110243056
1653,57,390.767,296.682,2.567359507,0.164502165,0.065972222
1654,0,320.375,301.176,0,0,0
1655,106,373.186,300.54,1.917840884,0.254716981,0.140625
1656,41,356.037,302.292,7.753246753,0.234833659,0.089285714
1657,0,315.625,302.058,0,0,0
1658,0,326.081,302.859,0,0,0
1659,0,331.158,302.662,0,0,0
1660,0,337.114,302.127,2,0.166666667,0.001736111
1661,27,350.801,302.109,9.768115942,0.361788618,0.077256944
1662,82,366.284,301.679,3.166776388,0.122641509,0.067708333
1663,0,310.106,303.008,0,0,0
1664,0,303.994,302.252,0,0,0
1665,2,342.836,302.949,6.816666667,0.333333333,0.019097222
1666,64,380.43,302.302,2.431172773,0.198113208,0.109375
1667,74,385.467,302.913,1.995511222,0.146987952,0.063541667
1668,62,389.572,300.735,2.134831461,0.145945946,0.05625
1669,0,299.537,305.062,0,0,0
1670,11,347.196,305.246,8.092592593,0.290123457,0.040798611
1671,73,361.115,304.445,3.892568065,0.194444444,0.085069444
1672,79,369.927,305.309,1.10726257,0.118867925,0.065625
1673,0,322.072,305.82,0,0,0
1674,92,374.953,305.776,2.305785124,0.117924528,0.065104167
1675,0,333.81,306.864,0,0,0
1676,0,338.927,306.951,2,0.2,0.002083333
1677,0,305.567,306.971,0,0,0
1678,16,352.651,307.105,10.41929825,0.309090909,0.088541667
1679,0,294.522,307.386,0,0,0
1680,0,311.008,308.94,0,0,0
1681,0,317.006,307.409,0,0,0
1682,94,379.442,307.277,1.728813559,0.151595745,0.07421875
1683,83,384.976,307.589,3.627254509,0.184397163,0.090277778
1684,84,366.954,308.892,2.176706827,0.10952381,0.059895833
1685,0,329.362,309.342,0,0,0
1686,0,343.154,308.775,6.666666667,0.348484848,0.019965278
1687,64,362.346,309.194,1.685344828,0.136904762,0.059895833
1688,0,324.354,309.889,0,0,0
1689,55,357.082,309.356,8.601753745,0.268101761,0.101934524
1690,0,297.836,311.312,0,0,0
1691,9,347.569,311.021,10.92694064,0.279569892,0.045138889
1692,94,372.115,310.826,1.177316294,0.092063492,0.050347222
1693,0,303.171,311.387,0,0,0
1694,0,336.043,311.854,1,0.142857143,0.000744048
1695,0,315.648,312.672,0,0,0
1696,80,381.909,312.242,3.305285412,0.152083333,0.076041667
1697,31,351.947,312.941,12.49431818,0.318181818,0.091145833
1698,0,321.08,313.538,0,0,0
1699,0,308.774,313.427,0,0,0
1700,1,342.392,313.828,4.385964912,0.333333333,0.015625
1701,72,362.011,313.877,8.707207207,0.203174603,0.111111111
1702,0,327.149,314.804,0,0,0
1703,39,355.978,315.086,7.91496063,0.216666667,0.08125
1704,105,368.072,314.559,2.020624303,0.217460317,0.118923611
1705,76,376.642,312.205,0.934823091,0.1875,0.09375
1706,0,332.481,316.177,1,0.166666667,0.000868056
1707,5,347.792,317.052,10.0875,0.295698925,0.047743056
1708,0,298.695,317.018,0,0,0
1709,0,303.817,316.819,0,0,0
1710,65,382.945,316.737,2.654666667,0.126736111,0.063368056
1711,0,337.824,316.811,2.4,0.3,0.00625
1712,0,312.841,317.049,0,0,0
1713,0,318.1,318.082,0,0,0
1714,73,364.188,319.149,7.916993464,0.185714286,0.1015625
1715,96,374.769,316.606,1.935494652,0.15952381,0.087239583
1716,0,308.329,319.804,0,0,0
1717,36,358.804,319.013,8.87440273,0.293150685,0.111458333
1718,0,323.617,319.152,0,0,0
1719,74,369.296,320.014,1.727913279,0.157142857,0.0859375
1720,4,342.447,319.513,2.913043478,0.314814815,0.014756944
1721,21,352.973,320.31,10.24824356,0.362637363,0.098214286
1722,0,314.233,322.153,0,0,0
1723,0,328.971,320.682,1,0.166666667,0.000868056
1724,76,379.123,320.676,2.449799197,0.151360544,0.077256944
1725,0,302.353,322.122,0,0,0
1726,0,320.41,323.199,0,0,0
1727,1,335.635,321.613,2.142857143,0.321428571,0.006696429
1728,0,296.182,322.013,0,0,0
1729,82,374.163,322.059,1.1234375,0.098969072,0.05
1730,67,384.63,322.031,4.664233577,0.144897959,0.073958333
1731,9,347.872,322.958,19.90614887,0.22875817,0.060763889
1732,52,359.23,324.086,11.15042735,0.207482993,0.105902778
1733,3,341.879,324.448,3.244444444,0.316666667,0.016493056
1734,98,365.581,325.007,4.216882317,0.246598639,0.125868056
1735,0,308.548,325.437,0,0,0
1736,0,325.073,325.411,0,0,0
1737,87,371.338,326.502,1.699074074,0.111607143,0.065104167
1738,0,331.04,325.981,0.833333333,0.333333333,0.001736111
1739,51,353.668,326.75,12.9393628,0.372881356,0.114583333
1740,1,336.354,327.758,1,0.277777778,0.004340278
1741,97,377.228,326.926,1.604805726,0.09672619,0.056423611
1742,0,301.976,327.171,0,0,0
1743,0,315.247,327.205,0,0,0
1744,0,296.923,328.255,0,0,0
1745,98,382.654,327.187,5.304878049,0.193333333,0.100694444
1746,10,347.499,328.265,21.69333333,0.248366013,0.065972222
1747,2,341.657,329.716,3.44,0.24,0.0125
1748,0,321.316,330.26,0,0,0
1749,59,359.899,329.156,6.545883941,0.205782313,0.105034722
1750,0,305.954,330.511,0,0,0
1751,0,332.304,332.287,0.833333333,0.333333333,0.001736111
1752,98,367.322,330.557,3.075320513,0.133928571,0.078125
1753,0,310.642,333.054,0,0,0
1754,0,327.15,331.053,0,0,0
1755,0,316.375,332.624,0,0,0
1756,0,299.639,334.35,0,0,0
1757,22,350.792,332.715,15.74251497,0.359259259,0.101041667
1758,54,356.572,334.536,8.445250181,0.219512195,0.09375
1759,112,374.35,332.056,0.982482482,0.175595238,0.102430556
1760,100,381.117,333.21,1.087238095,0.094387755,0.055059524
1761,82,363.043,334.271,3.922552664,0.170068027,0.086805556
1762,1,337.912,334.335,1.333333333,0.333333333,0.005208333
1763,3,344.819,334.618,11.34833659,0.322751323,0.045386905
1764,0,305.565,336.672,0,0,0
1765,88,369.961,336.117,1.420997375,0.084821429,0.049479167
1766,0,325.644,336.291,0,0,0
1767,0,320.163,338.588,0,0,0
1768,84,376.609,337.828,1.398652151,0.09672619,0.056423611
1769,0,314.369,337.868,0,0,0
1770,27,351.201,338.374,12.42828283,0.283950617,0.079861111
1771,0,332.058,338.547,1,0.142857143,0.000744048
1772,0,339.746,339.199,4.166666667,0.291666667,0.012152778
1773,65,361.184,339.276,6.473846154,0.191304348,0.091666667
1774,34,356.023,342.102,7.799116998,0.287179487,0.097222222
1775,0,301.349,340.269,0,0,0
1776,8,345.752,341.01,9.4,0.320987654,0.045138889
1777,92,367.009,341.456,1.352750809,0.183229814,0.087797619
1778,0,309.695,341.431,0,0,0
1779,0,325.968,342.236,0,0,0
1780,85,381.669,340.234,2.359106529,0.105,0.0546875
1781,79,372.569,341.653,0.638132296,0.096842105,0.047916667
1782,56,387.716,342.678,11.95138462,0.284705882,0.126041667
1783,0,305.742,345.231,0,0,0
1784,0,334.699,343.984,2,0.166666667,0.001736111
1785,0,315.132,343.526,0,0,0
1786,0,299.372,345.823,0,0,0
1787,17,351.062,344.723,6.379166667,0.265873016,0.058159722
1788,95,377.737,344.627,0.569105691,0.159649123,0.078993056
1789,0,319.83,346.11,0,0,0
1790,2,340.587,344.997,6.432098765,0.320512821,0.021701389
1791,63,361.474,345.414,6.801606426,0.195652174,0.09375
1792,0,294.249,347.532,0,0,0
1793,0,312.236,348.393,0,0,0
1794,0,330.024,346.951,0,0,0
1795,76,372.151,347.318,1.565400844,0.096491228,0.047743056
1796,0,324.689,349.171,0,0,0
1797,13,346.323,347.484,4.6,0.368421053,0.036458333
1798,80,383.167,347.518,4.458005249,0.155263158,0.076822917
1799,42,357.252,349.264,7.410977242,0.251322751,0.082465278
1800,73,366.404,348.324,3.471670702,0.15,0.071875
1801,0,303.067,350.844,0,0,0
1802,0,334.675,350.712,2.888888889,0.25,0.005208333
1803,4,340.953,351.039,6.402777778,0.307692308,0.020833333
1804,19,352.006,350.949,9.403100775,0.26984127,0.059027778
1805,0,296.551,352.423,0,0,0
1806,0,307.69,352.594,0,0,0
1807,0,317.759,352.53,0,0,0
1808,75,376.69,350.727,1.705655527,0.1,0.049479167
1809,0,329.033,354.136,0,0,0
1810,5,346.149,353.766,7.924242424,0.263157895,0.026041667
1811,0,312.564,355.364,0,0,0
1812,46,362.816,353.131,5.308571429,0.22739726,0.086458333
1813,0,334.697,356.587,4,0.25,0.005208333
1814,0,301.029,356.695,0,0,0
1815,0,322.967,355.645,0,0,0
1816,63,369.637,353.432,2.391891892,0.171052632,0.067708333
1817,28,356.609,356.457,10.08928571,0.347826087,0.083333333
1818,0,340.868,357.322,3.074074074,0.6,0.015625
1819,5,350.316,356.814,8.953216374,0.44047619,0.064236111
1820,0,307.176,358.904,0,0,0
1821,18,400.466,294.221,11.392,0.35,0.0875
1822,0,419.076,292.909,2,0.166666667,0.001736111
1823,2,414.6,296.149,1.291666667,0.444444444,0.006944444
1824,1,430.582,293.735,1,1,0.005208333
1825,0,457.779,291.362,0,0,0
1826,0,424.455,294.7,1,0.142857143,0.000744048
1827,0,447.466,293.479,0,0,0
1828,48,395.894,295.73,7.634615385,0.213333333,0.083333333
1829,0,435.3,295.387,1,0.2,0.001041667
1830,0,453.984,295.672,0,0,0
1831,5,405.144,296.651,9.448888889,0.277777778,0.043402778
1832,0,419.368,297.805,1.444444444,0.25,0.002604167
1833,2,409.935,298.667,1.289855072,0.261904762,0.009548611
1834,0,428.611,299.007,0.833333333,0.333333333,0.001736111
1835,0,444.569,298.174,0,0,0
1836,0,439.226,298.053,0,0,0
1837,0,460.348,296.835,0,0,0
1838,0,449.785,299.263,0,0,0
1839,30,399.772,299.424,11.9496124,0.361111111,0.090277778
1840,0,423.39,300.039,1,0.2,0.001041667
1841,0,434.146,300.417,1,0.166666667,0.000868056
1842,45,394.766,301.754,5.101075269,0.206989247,0.066840278
1843,1,415.433,301.502,0.9,0.388888889,0.006076389
1844,0,455.833,300.443,0,0,0
1845,3,410.522,303.702,1.833333333,0.3125,0.013020833
1846,0,441.029,302.493,1,0.166666667,0.000868056
1847,49,390.819,306.367,3.637681159,0.170682731,0.073784722
1848,0,420.229,304.162,1.444444444,0.25,0.002604167
1849,19,398.81,304.733,9.621621622,0.355072464,0.085069444
1850,8,404.517,306.071,7.946502058,0.238888889,0.037326389
1851,0,431.53,304.854,0.8,0.4,0.002083333
1852,1,436.567,305.525,1,1,0.005208333
1853,2,415.03,306.988,2.285714286,0.4,0.010416667
1854,7,404.805,301.632,9.927927928,0.261111111,0.040798611
1855,0,456.24,305.672,0,0,0
1856,0,425.271,308.256,1,0.166666667,0.000868056
1857,0,451.392,304.262,0,0,0
1858,0,419.491,309.232,2,0.2,0.002083333
1859,5,409.327,308.316,1.4,0.266666667,0.0125
1860,30,400.923,309.749,10.20784314,0.352173913,0.084375
1861,46,394.898,309.31,3.687793427,0.187878788,0.053819444
1862,0,442.69,307.593,1,0.2,0.001041667
1863,0,450.774,309.23,0,0,0
1864,0,438.452,310.374,1,0.2,0.001041667
1865,5,411.91,311.796,3.018181818,0.355555556,0.016666667
1866,41,398.628,314.246,8.795698925,0.311594203,0.074652778
1867,9,405.844,312.638,15.32614555,0.25087108,0.053571429
1868,0,445.296,312.167,0,0,0
1869,0,416.376,313.749,3.041666667,0.266666667,0.006944444
1870,44,393.36,315.067,1.22754491,0.109289617,0.034722222
1871,0,421.793,314.172,0,0,0
1872,0,427.401,313.558,0,0,0
1873,0,437.736,314.237,0,0,0
1874,0,451.183,313.911,0,0,0
1875,0,432.643,315.53,0,0,0
1876,7,404.007,317.567,18.22916667,0.337398374,0.072048611
1877,1,410.808,316.608,3.533333333,0.407407407,0.019097222
1878,0,425.255,318.201,0,0,0
1879,0,442.145,317.115,0,0,0
1880,0,447.41,318.292,0,0,0
1881,40,398.768,320.214,8.513761468,0.304964539,0.074652778
1882,0,416.474,319.538,2.2,0.266666667,0.004166667
1883,0,452.647,319.024,0,0,0
1884,47,392.894,321.846,2.209836066,0.142076503,0.045138889
1885,0,431.011,320.141,0,0,0
1886,0,426.856,323.671,0,0,0
1887,3,410.268,321.415,4.944444444,0.318181818,0.018229167
1888,0,437.048,320.511,0,0,0
1889,11,404.415,323.447,13.54045307,0.283333333,0.059027778
1890,0,457.743,320.064,0,0,0
1891,0,443.069,322.225,0,0,0
1892,28,398.757,325.532,7.514237856,0.30141844,0.073784722
1893,0,415.496,325.208,1.666666667,0.388888889,0.006076389
1894,0,433.352,325.846,0,0,0
1895,2,409.848,326.682,5.28,0.366666667,0.022916667
1896,0,439.259,326.064,0,0,0
1897,41,393.568,328.444,11.50050968,0.195652174,0.09375
1898,0,421.562,327.053,0,0,0
1899,0,428.414,329.17,0,0,0
1900,0,445.791,326.773,0,0,0
1901,20,398.823,331.528,6.59375,0.243902439,0.052083333
1902,12,404.669,329.449,6.274074074,0.278571429,0.040625
1903,0,441.253,330.494,0,0,0
1904,0,417.88,331.257,2,0.166666667,0.001736111
1905,2,411.129,331.815,5,0.291666667,0.012152778
1906,0,424.374,333,0,0,0
1907,0,435.598,331.429,0,0,0
1908,55,393.208,334.577,14.94551084,0.293478261,0.140625
1909,8,404.752,335.067,6.00952381,0.39,0.040625
1910,0,430.945,334.519,0,0,0
1911,0,415.189,335.882,2,0.2,0.002083333
1912,19,398.951,337.534,13.39375,0.251515152,0.072048611
1913,0,420.769,337.256,0,0,0
1914,0,410.413,338.437,1.6,0.4,0.004166667
1915,2,404.966,340.744,10.53939394,0.371212121,0.042534722
1916,34,393.341,340.268,13.5,0.264227642,0.112847222
1917,0,416.501,341.518,0,0,0
1918,22,399.749,342.996,8.584466019,0.311764706,0.055208333
1919,46,389.832,347.851,11.32026144,0.283333333,0.118055556
1920,22,395.151,345.693,6.222222222,0.3125,0.091145833
1921,0,477.348,291.315,0,0,0
1922,0,462.916,292.734,0,0,0
1923,0,484.142,286.744,0,0,0
1924,0,467.417,291.442,0,0,0
1925,29,423.559,198.877,7.411053541,0.356481481,0.133680556
1926,38,428.821,203.057,5.170918367,0.259259259,0.072916667
1927,0,447.471,214.457,4.5,0.5,0.015625
1928,0,450.545,224.028,0,0,0
1929,0,457.064,224.09,0,0,0
1930,0,461.881,227.274,0,0,0
1931,0,456.894,231.168,0,0,0
1932,0,467.133,229.991,0,0,0
1933,0,465.06,238.814,0,0,0
1934,0,456.639,245.006,0,0,0
1935,0,475.847,243.828,0,0,0
1936,0,467.403,250.898,0,0,0
1937,0,474.085,251.969,0,0,0
1938,0,479.636,254.041,0,0,0
1939,0,467.722,262.081,0,0,0
1940,0,484.448,263.632,0,0,0
1941,0,478.945,264.657,0,0,0
1942,0,457.527,269.011,0,0,0
1943,0,478.861,270.384,0,0,0
1944,0,483.693,269.575,0,0,0
1945,0,462.782,271.811,0,0,0
1946,0,475.18,274.601,0,0,0
1947,0,456.09,274.978,0,0,0
1948,0,471.229,278.447,0,0,0
1949,0,452.093,279.554,0,0,0
1950,0,477.366,280.205,0,0,0
1951,0,461.875,282.56,0,0,0
1952,0,482.978,281.02,0,0,0
1953,0,434.642,282.381,0,0,0
1954,0,455.988,282.13,0,0,0
1955,0,478.599,285.782,0,0,0
1956,0,467.21,286.739,0,0,0
1957,0,448.402,287.879,0,0,0
1958,0,442.669,288.053,0,0,0
1959,0,472.644,289.028,0,0,0
1960,0,488.308,268.629,0,0,0
1961,0,487.272,277.035,0,0,0
1962,140,132.652,304.83,0.668811275,0.107142857,0.09375
1963,0,481.703,293.59,0,0,0
1964,0,471.962,294.297,0,0,0
1965,0,466.351,296.816,0,0,0
1966,0,476.464,297.276,0,0,0
1967,0,481.004,299.678,0,0,0
1968,0,471.619,299.401,0,0,0
1969,0,466.677,302.258,0,0,0
1970,0,461.354,301.984,0,0,0
1971,0,446.441,304.229,0,0,0
1972,1,426.543,303.861,1,1,0.005208333
1973,0,471.677,304.121,0,0,0
1974,0,461.787,307.226,0,0,0
1975,0,467.456,307.621,0,0,0
1976,0,431.755,309.828,1,0.142857143,0.000744048
1977,0,456.949,310.468,0,0,0
1978,0,463.466,311.997,0,0,0
1979,0,456.846,315.051,0,0,0
1980,0,462.142,316.464,0,0,0
1981,0,421.34,321.296,0,0,0
1982,0,450.489,323.512,0,0,0
1983,0,427.064,338.437,0,0,0
1984,0,411.103,344.122,2.666666667,0.375,0.0078125
1985,4,405.489,346.318,14.66666667,0.363636364,0.041666667
1986,13,214.281,195.536,11.07142857,0.291666667,0.0546875
1987,0,337.029,233.004,0,0,0
1988,130,148.016,300.142,1.191570881,0.084946237,0.068576389
1989,40,220.387,340.553,13.48583878,0.279710145,0.167534722